Session Title,A01. All ED Encounters by State Week Age 2026,,,
Session ID,2795187,,,
Data Model,ED Encounters,,,
Population Base,All ED Encounters,,,
Population Criteria Filters: These criteria are a summary and do not fully reflect the content of the exported session.,Country of Residence: United States of America,,,
Session Date Range,12/28/2025 - 1/27/2026 (Based On Arrival Date),,,
Measure,Number of ED Encounters,,,
Export User,Stephanie Perniciaro,,,
Date of Export,2/6/2026,,,
,,,,
,,,,
,,,,Number of ED Encounters
State of Residence,Age at Time of Visit,Year,Week,
Florida,Less than 1 Years,2025 – 2026,Dec 28 – Jan 3,2639
,,2026,Jan 4 – Jan 10,2284
,,,Jan 11 – Jan 17,1930
,,,Jan 18 – Jan 24,1595
,,,Jan 25 – Jan 27,10 or fewer
,≥ 1 and < 5 Years,2025 – 2026,Dec 28 – Jan 3,6028
,,2026,Jan 4 – Jan 10,5352
,,,Jan 11 – Jan 17,5312
,,,Jan 18 – Jan 24,4344
,,,Jan 25 – Jan 27,10 or fewer
,≥ 5 and < 18 Years,2025 – 2026,Dec 28 – Jan 3,8230
,,2026,Jan 4 – Jan 10,9839
,,,Jan 11 – Jan 17,10895
,,,Jan 18 – Jan 24,9250
,,,Jan 25 – Jan 27,10 or fewer
,≥ 18 and < 50 Years,2025 – 2026,Dec 28 – Jan 3,39647
,,2026,Jan 4 – Jan 10,41169
,,,Jan 11 – Jan 17,37631
,,,Jan 18 – Jan 24,29494
,,,Jan 25 – Jan 27,45
,≥ 50 and < 65 Years,2025 – 2026,Dec 28 – Jan 3,16847
,,2026,Jan 4 – Jan 10,17804
,,,Jan 11 – Jan 17,15816
,,,Jan 18 – Jan 24,11337
,,,Jan 25 – Jan 27,25
,65 Years or more,2025 – 2026,Dec 28 – Jan 3,28330
,,2026,Jan 4 – Jan 10,28986
,,,Jan 11 – Jan 17,26194
,,,Jan 18 – Jan 24,16976
,,,Jan 25 – Jan 27,85
,No value,2025 – 2026,Dec 28 – Jan 3,10 or fewer
,,2026,Jan 4 – Jan 10,10 or fewer
,,,Jan 11 – Jan 17,10 or fewer
,,,Jan 18 – Jan 24,10 or fewer
,,,Jan 25 – Jan 27,10 or fewer
,Total,2025 – 2026,Dec 28 – Jan 3,101721
,,2026,Jan 4 – Jan 10,105434
,,,Jan 11 – Jan 17,97778
,,,Jan 18 – Jan 24,72996
,,,Jan 25 – Jan 27,167
Texas,Less than 1 Years,2025 – 2026,Dec 28 – Jan 3,3851
,,2026,Jan 4 – Jan 10,3035
,,,Jan 11 – Jan 17,2713
,,,Jan 18 – Jan 24,2262
,,,Jan 25 – Jan 27,10 or fewer
,≥ 1 and < 5 Years,2025 – 2026,Dec 28 – Jan 3,7237
,,2026,Jan 4 – Jan 10,5938
,,,Jan 11 – Jan 17,5964
,,,Jan 18 – Jan 24,5239
,,,Jan 25 – Jan 27,15
,≥ 5 and < 18 Years,2025 – 2026,Dec 28 – Jan 3,9311
,,2026,Jan 4 – Jan 10,10423
,,,Jan 11 – Jan 17,11084
,,,Jan 18 – Jan 24,9827
,,,Jan 25 – Jan 27,10 or fewer
,≥ 18 and < 50 Years,2025 – 2026,Dec 28 – Jan 3,39786
,,2026,Jan 4 – Jan 10,40302
,,,Jan 11 – Jan 17,37448
,,,Jan 18 – Jan 24,28432
,,,Jan 25 – Jan 27,24
,≥ 50 and < 65 Years,2025 – 2026,Dec 28 – Jan 3,16276
,,2026,Jan 4 – Jan 10,16774
,,,Jan 11 – Jan 17,15379
,,,Jan 18 – Jan 24,10476
,,,Jan 25 – Jan 27,10 or fewer
,65 Years or more,2025 – 2026,Dec 28 – Jan 3,23985
,,2026,Jan 4 – Jan 10,23574
,,,Jan 11 – Jan 17,21693
,,,Jan 18 – Jan 24,13954
,,,Jan 25 – Jan 27,50
,No value,2025 – 2026,Dec 28 – Jan 3,10 or fewer
,,2026,Jan 4 – Jan 10,10 or fewer
,,,Jan 11 – Jan 17,10 or fewer
,,,Jan 18 – Jan 24,10 or fewer
,,,Jan 25 – Jan 27,10 or fewer
,Total,2025 – 2026,Dec 28 – Jan 3,100446
,,2026,Jan 4 – Jan 10,100046
,,,Jan 11 – Jan 17,94281
,,,Jan 18 – Jan 24,70190
,,,Jan 25 – Jan 27,109
Ohio,Less than 1 Years,2025 – 2026,Dec 28 – Jan 3,2001
,,2026,Jan 4 – Jan 10,1546
,,,Jan 11 – Jan 17,1391
,,,Jan 18 – Jan 24,1094
,,,Jan 25 – Jan 27,10 or fewer
,≥ 1 and < 5 Years,2025 – 2026,Dec 28 – Jan 3,4315
,,2026,Jan 4 – Jan 10,3506
,,,Jan 11 – Jan 17,3384
,,,Jan 18 – Jan 24,2927
,,,Jan 25 – Jan 27,10 or fewer
,≥ 5 and < 18 Years,2025 – 2026,Dec 28 – Jan 3,6297
,,2026,Jan 4 – Jan 10,7658
,,,Jan 11 – Jan 17,7911
,,,Jan 18 – Jan 24,6255
,,,Jan 25 – Jan 27,10 or fewer
,≥ 18 and < 50 Years,2025 – 2026,Dec 28 – Jan 3,39555
,,2026,Jan 4 – Jan 10,39591
,,,Jan 11 – Jan 17,36691
,,,Jan 18 – Jan 24,29056
,,,Jan 25 – Jan 27,52
,≥ 50 and < 65 Years,2025 – 2026,Dec 28 – Jan 3,16327
,,2026,Jan 4 – Jan 10,16750
,,,Jan 11 – Jan 17,15309
,,,Jan 18 – Jan 24,11201
,,,Jan 25 – Jan 27,26
,65 Years or more,2025 – 2026,Dec 28 – Jan 3,25950
,,2026,Jan 4 – Jan 10,25835
,,,Jan 11 – Jan 17,23298
,,,Jan 18 – Jan 24,14752
,,,Jan 25 – Jan 27,47
,No value,2025 – 2026,Dec 28 – Jan 3,10 or fewer
,,2026,Jan 4 – Jan 10,10 or fewer
,,,Jan 11 – Jan 17,10 or fewer
,,,Jan 18 – Jan 24,10 or fewer
,,,Jan 25 – Jan 27,10 or fewer
,Total,2025 – 2026,Dec 28 – Jan 3,94445
,,2026,Jan 4 – Jan 10,94886
,,,Jan 11 – Jan 17,87984
,,,Jan 18 – Jan 24,65285
,,,Jan 25 – Jan 27,130
North Carolina,Less than 1 Years,2025 – 2026,Dec 28 – Jan 3,2182
,,2026,Jan 4 – Jan 10,1549
,,,Jan 11 – Jan 17,1363
,,,Jan 18 – Jan 24,1077
,,,Jan 25 – Jan 27,10 or fewer
,≥ 1 and < 5 Years,2025 – 2026,Dec 28 – Jan 3,4500
,,2026,Jan 4 – Jan 10,3407
,,,Jan 11 – Jan 17,3165
,,,Jan 18 – Jan 24,2665
,,,Jan 25 – Jan 27,10 or fewer
,≥ 5 and < 18 Years,2025 – 2026,Dec 28 – Jan 3,5719
,,2026,Jan 4 – Jan 10,6048
,,,Jan 11 – Jan 17,6127
,,,Jan 18 – Jan 24,5121
,,,Jan 25 – Jan 27,15
,≥ 18 and < 50 Years,2025 – 2026,Dec 28 – Jan 3,31486
,,2026,Jan 4 – Jan 10,30738
,,,Jan 11 – Jan 17,27766
,,,Jan 18 – Jan 24,21436
,,,Jan 25 – Jan 27,109
,≥ 50 and < 65 Years,2025 – 2026,Dec 28 – Jan 3,13061
,,2026,Jan 4 – Jan 10,13174
,,,Jan 11 – Jan 17,12034
,,,Jan 18 – Jan 24,8521
,,,Jan 25 – Jan 27,39
,65 Years or more,2025 – 2026,Dec 28 – Jan 3,20348
,,2026,Jan 4 – Jan 10,19431
,,,Jan 11 – Jan 17,17486
,,,Jan 18 – Jan 24,11428
,,,Jan 25 – Jan 27,72
,No value,2025 – 2026,Dec 28 – Jan 3,10 or fewer
,,2026,Jan 4 – Jan 10,10 or fewer
,,,Jan 11 – Jan 17,10 or fewer
,,,Jan 18 – Jan 24,10 or fewer
,,,Jan 25 – Jan 27,10 or fewer
,Total,2025 – 2026,Dec 28 – Jan 3,77296
,,2026,Jan 4 – Jan 10,74347
,,,Jan 11 – Jan 17,67941
,,,Jan 18 – Jan 24,50248
,,,Jan 25 – Jan 27,244
Pennsylvania,Less than 1 Years,2025 – 2026,Dec 28 – Jan 3,1644
,,2026,Jan 4 – Jan 10,1382
,,,Jan 11 – Jan 17,1320
,,,Jan 18 – Jan 24,1044
,,,Jan 25 – Jan 27,10 or fewer
,≥ 1 and < 5 Years,2025 – 2026,Dec 28 – Jan 3,3524
,,2026,Jan 4 – Jan 10,3042
,,,Jan 11 – Jan 17,3131
,,,Jan 18 – Jan 24,2637
,,,Jan 25 – Jan 27,10 or fewer
,≥ 5 and < 18 Years,2025 – 2026,Dec 28 – Jan 3,4320
,,2026,Jan 4 – Jan 10,5432
,,,Jan 11 – Jan 17,5683
,,,Jan 18 – Jan 24,4447
,,,Jan 25 – Jan 27,15
,≥ 18 and < 50 Years,2025 – 2026,Dec 28 – Jan 3,21845
,,2026,Jan 4 – Jan 10,21885
,,,Jan 11 – Jan 17,20908
,,,Jan 18 – Jan 24,16410
,,,Jan 25 – Jan 27,70
,≥ 50 and < 65 Years,2025 – 2026,Dec 28 – Jan 3,9711
,,2026,Jan 4 – Jan 10,9897
,,,Jan 11 – Jan 17,9355
,,,Jan 18 – Jan 24,6726
,,,Jan 25 – Jan 27,27
,65 Years or more,2025 – 2026,Dec 28 – Jan 3,17298
,,2026,Jan 4 – Jan 10,16691
,,,Jan 11 – Jan 17,15418
,,,Jan 18 – Jan 24,9749
,,,Jan 25 – Jan 27,52
,No value,2025 – 2026,Dec 28 – Jan 3,10 or fewer
,,2026,Jan 4 – Jan 10,10 or fewer
,,,Jan 11 – Jan 17,10 or fewer
,,,Jan 18 – Jan 24,10 or fewer
,,,Jan 25 – Jan 27,10 or fewer
,Total,2025 – 2026,Dec 28 – Jan 3,58342
,,2026,Jan 4 – Jan 10,58329
,,,Jan 11 – Jan 17,55815
,,,Jan 18 – Jan 24,41013
,,,Jan 25 – Jan 27,175
Virginia,Less than 1 Years,2025 – 2026,Dec 28 – Jan 3,1269
,,2026,Jan 4 – Jan 10,995
,,,Jan 11 – Jan 17,849
,,,Jan 18 – Jan 24,765
,,,Jan 25 – Jan 27,10 or fewer
,≥ 1 and < 5 Years,2025 – 2026,Dec 28 – Jan 3,2695
,,2026,Jan 4 – Jan 10,2103
,,,Jan 11 – Jan 17,2069
,,,Jan 18 – Jan 24,1763
,,,Jan 25 – Jan 27,10 or fewer
,≥ 5 and < 18 Years,2025 – 2026,Dec 28 – Jan 3,3422
,,2026,Jan 4 – Jan 10,4249
,,,Jan 11 – Jan 17,4453
,,,Jan 18 – Jan 24,3586
,,,Jan 25 – Jan 27,21
,≥ 18 and < 50 Years,2025 – 2026,Dec 28 – Jan 3,21398
,,2026,Jan 4 – Jan 10,21172
,,,Jan 11 – Jan 17,19574
,,,Jan 18 – Jan 24,15626
,,,Jan 25 – Jan 27,134
,≥ 50 and < 65 Years,2025 – 2026,Dec 28 – Jan 3,9201
,,2026,Jan 4 – Jan 10,9120
,,,Jan 11 – Jan 17,8316
,,,Jan 18 – Jan 24,6185
,,,Jan 25 – Jan 27,42
,65 Years or more,2025 – 2026,Dec 28 – Jan 3,14965
,,2026,Jan 4 – Jan 10,14342
,,,Jan 11 – Jan 17,12843
,,,Jan 18 – Jan 24,8888
,,,Jan 25 – Jan 27,99
,No value,2025 – 2026,Dec 28 – Jan 3,10 or fewer
,,2026,Jan 4 – Jan 10,10 or fewer
,,,Jan 11 – Jan 17,10 or fewer
,,,Jan 18 – Jan 24,10 or fewer
,,,Jan 25 – Jan 27,10 or fewer
,Total,2025 – 2026,Dec 28 – Jan 3,52950
,,2026,Jan 4 – Jan 10,51981
,,,Jan 11 – Jan 17,48104
,,,Jan 18 – Jan 24,36813
,,,Jan 25 – Jan 27,308
New York,Less than 1 Years,2025 – 2026,Dec 28 – Jan 3,1107
,,2026,Jan 4 – Jan 10,799
,,,Jan 11 – Jan 17,737
,,,Jan 18 – Jan 24,570
,,,Jan 25 – Jan 27,10 or fewer
,≥ 1 and < 5 Years,2025 – 2026,Dec 28 – Jan 3,2347
,,2026,Jan 4 – Jan 10,1809
,,,Jan 11 – Jan 17,1938
,,,Jan 18 – Jan 24,1476
,,,Jan 25 – Jan 27,10 or fewer
,≥ 5 and < 18 Years,2025 – 2026,Dec 28 – Jan 3,3224
,,2026,Jan 4 – Jan 10,3573
,,,Jan 11 – Jan 17,3813
,,,Jan 18 – Jan 24,2801
,,,Jan 25 – Jan 27,10 or fewer
,≥ 18 and < 50 Years,2025 – 2026,Dec 28 – Jan 3,20465
,,2026,Jan 4 – Jan 10,20563
,,,Jan 11 – Jan 17,19533
,,,Jan 18 – Jan 24,15078
,,,Jan 25 – Jan 27,26
,≥ 50 and < 65 Years,2025 – 2026,Dec 28 – Jan 3,9434
,,2026,Jan 4 – Jan 10,9588
,,,Jan 11 – Jan 17,9135
,,,Jan 18 – Jan 24,6352
,,,Jan 25 – Jan 27,10 or fewer
,65 Years or more,2025 – 2026,Dec 28 – Jan 3,15881
,,2026,Jan 4 – Jan 10,15365
,,,Jan 11 – Jan 17,14178
,,,Jan 18 – Jan 24,8843
,,,Jan 25 – Jan 27,19
,No value,2025 – 2026,Dec 28 – Jan 3,10 or fewer
,,2026,Jan 4 – Jan 10,10 or fewer
,,,Jan 11 – Jan 17,10 or fewer
,,,Jan 18 – Jan 24,10 or fewer
,,,Jan 25 – Jan 27,10 or fewer
,Total,2025 – 2026,Dec 28 – Jan 3,52458
,,2026,Jan 4 – Jan 10,51697
,,,Jan 11 – Jan 17,49334
,,,Jan 18 – Jan 24,35120
,,,Jan 25 – Jan 27,55
California,Less than 1 Years,2025 – 2026,Dec 28 – Jan 3,1081
,,2026,Jan 4 – Jan 10,920
,,,Jan 11 – Jan 17,854
,,,Jan 18 – Jan 24,693
,,,Jan 25 – Jan 27,10 or fewer
,≥ 1 and < 5 Years,2025 – 2026,Dec 28 – Jan 3,2374
,,2026,Jan 4 – Jan 10,1985
,,,Jan 11 – Jan 17,2005
,,,Jan 18 – Jan 24,1800
,,,Jan 25 – Jan 27,10 or fewer
,≥ 5 and < 18 Years,2025 – 2026,Dec 28 – Jan 3,3494
,,2026,Jan 4 – Jan 10,3543
,,,Jan 11 – Jan 17,4164
,,,Jan 18 – Jan 24,3657
,,,Jan 25 – Jan 27,10 or fewer
,≥ 18 and < 50 Years,2025 – 2026,Dec 28 – Jan 3,19318
,,2026,Jan 4 – Jan 10,19271
,,,Jan 11 – Jan 17,18468
,,,Jan 18 – Jan 24,14049
,,,Jan 25 – Jan 27,41
,≥ 50 and < 65 Years,2025 – 2026,Dec 28 – Jan 3,8015
,,2026,Jan 4 – Jan 10,8175
,,,Jan 11 – Jan 17,7887
,,,Jan 18 – Jan 24,5411
,,,Jan 25 – Jan 27,14
,65 Years or more,2025 – 2026,Dec 28 – Jan 3,12531
,,2026,Jan 4 – Jan 10,12476
,,,Jan 11 – Jan 17,12079
,,,Jan 18 – Jan 24,7308
,,,Jan 25 – Jan 27,27
,No value,2025 – 2026,Dec 28 – Jan 3,10 or fewer
,,2026,Jan 4 – Jan 10,10 or fewer
,,,Jan 11 – Jan 17,10 or fewer
,,,Jan 18 – Jan 24,10 or fewer
,,,Jan 25 – Jan 27,10 or fewer
,Total,2025 – 2026,Dec 28 – Jan 3,46813
,,2026,Jan 4 – Jan 10,46370
,,,Jan 11 – Jan 17,45457
,,,Jan 18 – Jan 24,32918
,,,Jan 25 – Jan 27,82
Michigan,Less than 1 Years,2025 – 2026,Dec 28 – Jan 3,969
,,2026,Jan 4 – Jan 10,761
,,,Jan 11 – Jan 17,701
,,,Jan 18 – Jan 24,539
,,,Jan 25 – Jan 27,10 or fewer
,≥ 1 and < 5 Years,2025 – 2026,Dec 28 – Jan 3,2088
,,2026,Jan 4 – Jan 10,1550
,,,Jan 11 – Jan 17,1562
,,,Jan 18 – Jan 24,1240
,,,Jan 25 – Jan 27,10 or fewer
,≥ 5 and < 18 Years,2025 – 2026,Dec 28 – Jan 3,2879
,,2026,Jan 4 – Jan 10,3371
,,,Jan 11 – Jan 17,3556
,,,Jan 18 – Jan 24,2477
,,,Jan 25 – Jan 27,10 or fewer
,≥ 18 and < 50 Years,2025 – 2026,Dec 28 – Jan 3,17687
,,2026,Jan 4 – Jan 10,18004
,,,Jan 11 – Jan 17,16749
,,,Jan 18 – Jan 24,12585
,,,Jan 25 – Jan 27,68
,≥ 50 and < 65 Years,2025 – 2026,Dec 28 – Jan 3,7946
,,2026,Jan 4 – Jan 10,8165
,,,Jan 11 – Jan 17,7563
,,,Jan 18 – Jan 24,5235
,,,Jan 25 – Jan 27,18
,65 Years or more,2025 – 2026,Dec 28 – Jan 3,13279
,,2026,Jan 4 – Jan 10,13093
,,,Jan 11 – Jan 17,12081
,,,Jan 18 – Jan 24,6883
,,,Jan 25 – Jan 27,35
,No value,2025 – 2026,Dec 28 – Jan 3,10 or fewer
,,2026,Jan 4 – Jan 10,10 or fewer
,,,Jan 11 – Jan 17,10 or fewer
,,,Jan 18 – Jan 24,10 or fewer
,,,Jan 25 – Jan 27,10 or fewer
,Total,2025 – 2026,Dec 28 – Jan 3,44848
,,2026,Jan 4 – Jan 10,44944
,,,Jan 11 – Jan 17,42212
,,,Jan 18 – Jan 24,28959
,,,Jan 25 – Jan 27,124
Illinois,Less than 1 Years,2025 – 2026,Dec 28 – Jan 3,1392
,,2026,Jan 4 – Jan 10,1052
,,,Jan 11 – Jan 17,979
,,,Jan 18 – Jan 24,771
,,,Jan 25 – Jan 27,10 or fewer
,≥ 1 and < 5 Years,2025 – 2026,Dec 28 – Jan 3,2637
,,2026,Jan 4 – Jan 10,2279
,,,Jan 11 – Jan 17,2135
,,,Jan 18 – Jan 24,1858
,,,Jan 25 – Jan 27,10 or fewer
,≥ 5 and < 18 Years,2025 – 2026,Dec 28 – Jan 3,3400
,,2026,Jan 4 – Jan 10,3916
,,,Jan 11 – Jan 17,4389
,,,Jan 18 – Jan 24,3288
,,,Jan 25 – Jan 27,17
,≥ 18 and < 50 Years,2025 – 2026,Dec 28 – Jan 3,16353
,,2026,Jan 4 – Jan 10,16257
,,,Jan 11 – Jan 17,15645
,,,Jan 18 – Jan 24,11786
,,,Jan 25 – Jan 27,50
,≥ 50 and < 65 Years,2025 – 2026,Dec 28 – Jan 3,6983
,,2026,Jan 4 – Jan 10,7090
,,,Jan 11 – Jan 17,6625
,,,Jan 18 – Jan 24,4644
,,,Jan 25 – Jan 27,21
,65 Years or more,2025 – 2026,Dec 28 – Jan 3,12478
,,2026,Jan 4 – Jan 10,12615
,,,Jan 11 – Jan 17,11318
,,,Jan 18 – Jan 24,6903
,,,Jan 25 – Jan 27,60
,No value,2025 – 2026,Dec 28 – Jan 3,10 or fewer
,,2026,Jan 4 – Jan 10,10 or fewer
,,,Jan 11 – Jan 17,10 or fewer
,,,Jan 18 – Jan 24,10 or fewer
,,,Jan 25 – Jan 27,10 or fewer
,Total,2025 – 2026,Dec 28 – Jan 3,43243
,,2026,Jan 4 – Jan 10,43209
,,,Jan 11 – Jan 17,41091
,,,Jan 18 – Jan 24,29250
,,,Jan 25 – Jan 27,159
Georgia,Less than 1 Years,2025 – 2026,Dec 28 – Jan 3,1855
,,2026,Jan 4 – Jan 10,1375
,,,Jan 11 – Jan 17,1179
,,,Jan 18 – Jan 24,1002
,,,Jan 25 – Jan 27,19
,≥ 1 and < 5 Years,2025 – 2026,Dec 28 – Jan 3,3769
,,2026,Jan 4 – Jan 10,2863
,,,Jan 11 – Jan 17,2700
,,,Jan 18 – Jan 24,2129
,,,Jan 25 – Jan 27,41
,≥ 5 and < 18 Years,2025 – 2026,Dec 28 – Jan 3,4334
,,2026,Jan 4 – Jan 10,4720
,,,Jan 11 – Jan 17,4869
,,,Jan 18 – Jan 24,3980
,,,Jan 25 – Jan 27,52
,≥ 18 and < 50 Years,2025 – 2026,Dec 28 – Jan 3,16312
,,2026,Jan 4 – Jan 10,15935
,,,Jan 11 – Jan 17,14866
,,,Jan 18 – Jan 24,11733
,,,Jan 25 – Jan 27,283
,≥ 50 and < 65 Years,2025 – 2026,Dec 28 – Jan 3,7027
,,2026,Jan 4 – Jan 10,7042
,,,Jan 11 – Jan 17,6466
,,,Jan 18 – Jan 24,4583
,,,Jan 25 – Jan 27,83
,65 Years or more,2025 – 2026,Dec 28 – Jan 3,8911
,,2026,Jan 4 – Jan 10,8642
,,,Jan 11 – Jan 17,7899
,,,Jan 18 – Jan 24,5254
,,,Jan 25 – Jan 27,110
,No value,2025 – 2026,Dec 28 – Jan 3,10 or fewer
,,2026,Jan 4 – Jan 10,10 or fewer
,,,Jan 11 – Jan 17,10 or fewer
,,,Jan 18 – Jan 24,10 or fewer
,,,Jan 25 – Jan 27,10 or fewer
,Total,2025 – 2026,Dec 28 – Jan 3,42208
,,2026,Jan 4 – Jan 10,40577
,,,Jan 11 – Jan 17,37979
,,,Jan 18 – Jan 24,28681
,,,Jan 25 – Jan 27,588
South Carolina,Less than 1 Years,2025 – 2026,Dec 28 – Jan 3,930
,,2026,Jan 4 – Jan 10,639
,,,Jan 11 – Jan 17,637
,,,Jan 18 – Jan 24,511
,,,Jan 25 – Jan 27,10 or fewer
,≥ 1 and < 5 Years,2025 – 2026,Dec 28 – Jan 3,2000
,,2026,Jan 4 – Jan 10,1527
,,,Jan 11 – Jan 17,1462
,,,Jan 18 – Jan 24,1381
,,,Jan 25 – Jan 27,10 or fewer
,≥ 5 and < 18 Years,2025 – 2026,Dec 28 – Jan 3,2713
,,2026,Jan 4 – Jan 10,3108
,,,Jan 11 – Jan 17,3210
,,,Jan 18 – Jan 24,2889
,,,Jan 25 – Jan 27,10 or fewer
,≥ 18 and < 50 Years,2025 – 2026,Dec 28 – Jan 3,15625
,,2026,Jan 4 – Jan 10,15664
,,,Jan 11 – Jan 17,14016
,,,Jan 18 – Jan 24,11941
,,,Jan 25 – Jan 27,14
,≥ 50 and < 65 Years,2025 – 2026,Dec 28 – Jan 3,7166
,,2026,Jan 4 – Jan 10,7125
,,,Jan 11 – Jan 17,6410
,,,Jan 18 – Jan 24,4890
,,,Jan 25 – Jan 27,10 or fewer
,65 Years or more,2025 – 2026,Dec 28 – Jan 3,10598
,,2026,Jan 4 – Jan 10,10161
,,,Jan 11 – Jan 17,9183
,,,Jan 18 – Jan 24,6836
,,,Jan 25 – Jan 27,24
,No value,2025 – 2026,Dec 28 – Jan 3,10 or fewer
,,2026,Jan 4 – Jan 10,10 or fewer
,,,Jan 11 – Jan 17,10 or fewer
,,,Jan 18 – Jan 24,10 or fewer
,,,Jan 25 – Jan 27,10 or fewer
,Total,2025 – 2026,Dec 28 – Jan 3,39032
,,2026,Jan 4 – Jan 10,38224
,,,Jan 11 – Jan 17,34918
,,,Jan 18 – Jan 24,28448
,,,Jan 25 – Jan 27,50
New Jersey,Less than 1 Years,2025 – 2026,Dec 28 – Jan 3,937
,,2026,Jan 4 – Jan 10,740
,,,Jan 11 – Jan 17,664
,,,Jan 18 – Jan 24,472
,,,Jan 25 – Jan 27,10 or fewer
,≥ 1 and < 5 Years,2025 – 2026,Dec 28 – Jan 3,2004
,,2026,Jan 4 – Jan 10,1615
,,,Jan 11 – Jan 17,1648
,,,Jan 18 – Jan 24,1383
,,,Jan 25 – Jan 27,10 or fewer
,≥ 5 and < 18 Years,2025 – 2026,Dec 28 – Jan 3,2559
,,2026,Jan 4 – Jan 10,3201
,,,Jan 11 – Jan 17,3337
,,,Jan 18 – Jan 24,2519
,,,Jan 25 – Jan 27,10 or fewer
,≥ 18 and < 50 Years,2025 – 2026,Dec 28 – Jan 3,12318
,,2026,Jan 4 – Jan 10,12281
,,,Jan 11 – Jan 17,11676
,,,Jan 18 – Jan 24,8945
,,,Jan 25 – Jan 27,10 or fewer
,≥ 50 and < 65 Years,2025 – 2026,Dec 28 – Jan 3,5206
,,2026,Jan 4 – Jan 10,5296
,,,Jan 11 – Jan 17,5137
,,,Jan 18 – Jan 24,3482
,,,Jan 25 – Jan 27,10 or fewer
,65 Years or more,2025 – 2026,Dec 28 – Jan 3,8138
,,2026,Jan 4 – Jan 10,7918
,,,Jan 11 – Jan 17,7436
,,,Jan 18 – Jan 24,4375
,,,Jan 25 – Jan 27,10 or fewer
,No value,2025 – 2026,Dec 28 – Jan 3,10 or fewer
,,2026,Jan 4 – Jan 10,10 or fewer
,,,Jan 11 – Jan 17,10 or fewer
,,,Jan 18 – Jan 24,10 or fewer
,,,Jan 25 – Jan 27,10 or fewer
,Total,2025 – 2026,Dec 28 – Jan 3,31162
,,2026,Jan 4 – Jan 10,31051
,,,Jan 11 – Jan 17,29898
,,,Jan 18 – Jan 24,21176
,,,Jan 25 – Jan 27,10 or fewer
Colorado,Less than 1 Years,2025 – 2026,Dec 28 – Jan 3,1262
,,2026,Jan 4 – Jan 10,945
,,,Jan 11 – Jan 17,899
,,,Jan 18 – Jan 24,697
,,,Jan 25 – Jan 27,10 or fewer
,≥ 1 and < 5 Years,2025 – 2026,Dec 28 – Jan 3,2745
,,2026,Jan 4 – Jan 10,2116
,,,Jan 11 – Jan 17,2203
,,,Jan 18 – Jan 24,1723
,,,Jan 25 – Jan 27,10 or fewer
,≥ 5 and < 18 Years,2025 – 2026,Dec 28 – Jan 3,3270
,,2026,Jan 4 – Jan 10,3464
,,,Jan 11 – Jan 17,3764
,,,Jan 18 – Jan 24,3133
,,,Jan 25 – Jan 27,10 or fewer
,≥ 18 and < 50 Years,2025 – 2026,Dec 28 – Jan 3,12237
,,2026,Jan 4 – Jan 10,11788
,,,Jan 11 – Jan 17,11063
,,,Jan 18 – Jan 24,8258
,,,Jan 25 – Jan 27,10 or fewer
,≥ 50 and < 65 Years,2025 – 2026,Dec 28 – Jan 3,4048
,,2026,Jan 4 – Jan 10,3961
,,,Jan 11 – Jan 17,3919
,,,Jan 18 – Jan 24,2596
,,,Jan 25 – Jan 27,10 or fewer
,65 Years or more,2025 – 2026,Dec 28 – Jan 3,6657
,,2026,Jan 4 – Jan 10,6234
,,,Jan 11 – Jan 17,5888
,,,Jan 18 – Jan 24,3657
,,,Jan 25 – Jan 27,23
,No value,2025 – 2026,Dec 28 – Jan 3,10 or fewer
,,2026,Jan 4 – Jan 10,10 or fewer
,,,Jan 11 – Jan 17,10 or fewer
,,,Jan 18 – Jan 24,10 or fewer
,,,Jan 25 – Jan 27,10 or fewer
,Total,2025 – 2026,Dec 28 – Jan 3,30219
,,2026,Jan 4 – Jan 10,28508
,,,Jan 11 – Jan 17,27736
,,,Jan 18 – Jan 24,20064
,,,Jan 25 – Jan 27,38
Louisiana,Less than 1 Years,2025 – 2026,Dec 28 – Jan 3,881
,,2026,Jan 4 – Jan 10,665
,,,Jan 11 – Jan 17,598
,,,Jan 18 – Jan 24,562
,,,Jan 25 – Jan 27,10 or fewer
,≥ 1 and < 5 Years,2025 – 2026,Dec 28 – Jan 3,1959
,,2026,Jan 4 – Jan 10,1540
,,,Jan 11 – Jan 17,1552
,,,Jan 18 – Jan 24,1476
,,,Jan 25 – Jan 27,10 or fewer
,≥ 5 and < 18 Years,2025 – 2026,Dec 28 – Jan 3,2460
,,2026,Jan 4 – Jan 10,2769
,,,Jan 11 – Jan 17,3027
,,,Jan 18 – Jan 24,2761
,,,Jan 25 – Jan 27,10 or fewer
,≥ 18 and < 50 Years,2025 – 2026,Dec 28 – Jan 3,11766
,,2026,Jan 4 – Jan 10,11474
,,,Jan 11 – Jan 17,10534
,,,Jan 18 – Jan 24,8619
,,,Jan 25 – Jan 27,17
,≥ 50 and < 65 Years,2025 – 2026,Dec 28 – Jan 3,4430
,,2026,Jan 4 – Jan 10,4414
,,,Jan 11 – Jan 17,4069
,,,Jan 18 – Jan 24,3148
,,,Jan 25 – Jan 27,10 or fewer
,65 Years or more,2025 – 2026,Dec 28 – Jan 3,6105
,,2026,Jan 4 – Jan 10,6194
,,,Jan 11 – Jan 17,5549
,,,Jan 18 – Jan 24,3763
,,,Jan 25 – Jan 27,12
,No value,2025 – 2026,Dec 28 – Jan 3,10 or fewer
,,2026,Jan 4 – Jan 10,10 or fewer
,,,Jan 11 – Jan 17,10 or fewer
,,,Jan 18 – Jan 24,10 or fewer
,,,Jan 25 – Jan 27,10 or fewer
,Total,2025 – 2026,Dec 28 – Jan 3,27601
,,2026,Jan 4 – Jan 10,27056
,,,Jan 11 – Jan 17,25329
,,,Jan 18 – Jan 24,20329
,,,Jan 25 – Jan 27,42
Massachusetts,Less than 1 Years,2025 – 2026,Dec 28 – Jan 3,755
,,2026,Jan 4 – Jan 10,542
,,,Jan 11 – Jan 17,555
,,,Jan 18 – Jan 24,447
,,,Jan 25 – Jan 27,10 or fewer
,≥ 1 and < 5 Years,2025 – 2026,Dec 28 – Jan 3,1545
,,2026,Jan 4 – Jan 10,1279
,,,Jan 11 – Jan 17,1372
,,,Jan 18 – Jan 24,1006
,,,Jan 25 – Jan 27,10 or fewer
,≥ 5 and < 18 Years,2025 – 2026,Dec 28 – Jan 3,2021
,,2026,Jan 4 – Jan 10,2295
,,,Jan 11 – Jan 17,2551
,,,Jan 18 – Jan 24,1899
,,,Jan 25 – Jan 27,10 or fewer
,≥ 18 and < 50 Years,2025 – 2026,Dec 28 – Jan 3,10044
,,2026,Jan 4 – Jan 10,10141
,,,Jan 11 – Jan 17,9407
,,,Jan 18 – Jan 24,7676
,,,Jan 25 – Jan 27,37
,≥ 50 and < 65 Years,2025 – 2026,Dec 28 – Jan 3,4572
,,2026,Jan 4 – Jan 10,4775
,,,Jan 11 – Jan 17,4541
,,,Jan 18 – Jan 24,3221
,,,Jan 25 – Jan 27,11
,65 Years or more,2025 – 2026,Dec 28 – Jan 3,8133
,,2026,Jan 4 – Jan 10,7943
,,,Jan 11 – Jan 17,7549
,,,Jan 18 – Jan 24,4559
,,,Jan 25 – Jan 27,29
,No value,2025 – 2026,Dec 28 – Jan 3,10 or fewer
,,2026,Jan 4 – Jan 10,10 or fewer
,,,Jan 11 – Jan 17,10 or fewer
,,,Jan 18 – Jan 24,10 or fewer
,,,Jan 25 – Jan 27,10 or fewer
,Total,2025 – 2026,Dec 28 – Jan 3,27070
,,2026,Jan 4 – Jan 10,26975
,,,Jan 11 – Jan 17,25975
,,,Jan 18 – Jan 24,18808
,,,Jan 25 – Jan 27,86
Connecticut,Less than 1 Years,2025 – 2026,Dec 28 – Jan 3,657
,,2026,Jan 4 – Jan 10,447
,,,Jan 11 – Jan 17,438
,,,Jan 18 – Jan 24,352
,,,Jan 25 – Jan 27,10 or fewer
,≥ 1 and < 5 Years,2025 – 2026,Dec 28 – Jan 3,1400
,,2026,Jan 4 – Jan 10,1027
,,,Jan 11 – Jan 17,1121
,,,Jan 18 – Jan 24,912
,,,Jan 25 – Jan 27,10 or fewer
,≥ 5 and < 18 Years,2025 – 2026,Dec 28 – Jan 3,1809
,,2026,Jan 4 – Jan 10,2003
,,,Jan 11 – Jan 17,2290
,,,Jan 18 – Jan 24,1601
,,,Jan 25 – Jan 27,10 or fewer
,≥ 18 and < 50 Years,2025 – 2026,Dec 28 – Jan 3,9365
,,2026,Jan 4 – Jan 10,9355
,,,Jan 11 – Jan 17,9108
,,,Jan 18 – Jan 24,6995
,,,Jan 25 – Jan 27,19
,≥ 50 and < 65 Years,2025 – 2026,Dec 28 – Jan 3,4634
,,2026,Jan 4 – Jan 10,4587
,,,Jan 11 – Jan 17,4555
,,,Jan 18 – Jan 24,3165
,,,Jan 25 – Jan 27,10 or fewer
,65 Years or more,2025 – 2026,Dec 28 – Jan 3,7811
,,2026,Jan 4 – Jan 10,7289
,,,Jan 11 – Jan 17,6710
,,,Jan 18 – Jan 24,4213
,,,Jan 25 – Jan 27,11
,No value,2025 – 2026,Dec 28 – Jan 3,10 or fewer
,,2026,Jan 4 – Jan 10,10 or fewer
,,,Jan 11 – Jan 17,10 or fewer
,,,Jan 18 – Jan 24,10 or fewer
,,,Jan 25 – Jan 27,10 or fewer
,Total,2025 – 2026,Dec 28 – Jan 3,25676
,,2026,Jan 4 – Jan 10,24708
,,,Jan 11 – Jan 17,24222
,,,Jan 18 – Jan 24,17238
,,,Jan 25 – Jan 27,39
Indiana,Less than 1 Years,2025 – 2026,Dec 28 – Jan 3,566
,,2026,Jan 4 – Jan 10,455
,,,Jan 11 – Jan 17,454
,,,Jan 18 – Jan 24,379
,,,Jan 25 – Jan 27,10 or fewer
,≥ 1 and < 5 Years,2025 – 2026,Dec 28 – Jan 3,1283
,,2026,Jan 4 – Jan 10,1040
,,,Jan 11 – Jan 17,1026
,,,Jan 18 – Jan 24,889
,,,Jan 25 – Jan 27,10 or fewer
,≥ 5 and < 18 Years,2025 – 2026,Dec 28 – Jan 3,1721
,,2026,Jan 4 – Jan 10,1927
,,,Jan 11 – Jan 17,2171
,,,Jan 18 – Jan 24,1813
,,,Jan 25 – Jan 27,10 or fewer
,≥ 18 and < 50 Years,2025 – 2026,Dec 28 – Jan 3,10174
,,2026,Jan 4 – Jan 10,10277
,,,Jan 11 – Jan 17,9852
,,,Jan 18 – Jan 24,7704
,,,Jan 25 – Jan 27,10 or fewer
,≥ 50 and < 65 Years,2025 – 2026,Dec 28 – Jan 3,4305
,,2026,Jan 4 – Jan 10,4345
,,,Jan 11 – Jan 17,4051
,,,Jan 18 – Jan 24,3060
,,,Jan 25 – Jan 27,10 or fewer
,65 Years or more,2025 – 2026,Dec 28 – Jan 3,6657
,,2026,Jan 4 – Jan 10,6685
,,,Jan 11 – Jan 17,6040
,,,Jan 18 – Jan 24,4033
,,,Jan 25 – Jan 27,10 or fewer
,No value,2025 – 2026,Dec 28 – Jan 3,10 or fewer
,,2026,Jan 4 – Jan 10,10 or fewer
,,,Jan 11 – Jan 17,10 or fewer
,,,Jan 18 – Jan 24,10 or fewer
,,,Jan 25 – Jan 27,10 or fewer
,Total,2025 – 2026,Dec 28 – Jan 3,24706
,,2026,Jan 4 – Jan 10,24729
,,,Jan 11 – Jan 17,23594
,,,Jan 18 – Jan 24,17878
,,,Jan 25 – Jan 27,22
Kentucky,Less than 1 Years,2025 – 2026,Dec 28 – Jan 3,781
,,2026,Jan 4 – Jan 10,671
,,,Jan 11 – Jan 17,592
,,,Jan 18 – Jan 24,491
,,,Jan 25 – Jan 27,10 or fewer
,≥ 1 and < 5 Years,2025 – 2026,Dec 28 – Jan 3,1691
,,2026,Jan 4 – Jan 10,1305
,,,Jan 11 – Jan 17,1225
,,,Jan 18 – Jan 24,1121
,,,Jan 25 – Jan 27,10 or fewer
,≥ 5 and < 18 Years,2025 – 2026,Dec 28 – Jan 3,1900
,,2026,Jan 4 – Jan 10,2392
,,,Jan 11 – Jan 17,2423
,,,Jan 18 – Jan 24,1988
,,,Jan 25 – Jan 27,10 or fewer
,≥ 18 and < 50 Years,2025 – 2026,Dec 28 – Jan 3,8528
,,2026,Jan 4 – Jan 10,8317
,,,Jan 11 – Jan 17,7878
,,,Jan 18 – Jan 24,6310
,,,Jan 25 – Jan 27,10 or fewer
,≥ 50 and < 65 Years,2025 – 2026,Dec 28 – Jan 3,3784
,,2026,Jan 4 – Jan 10,3702
,,,Jan 11 – Jan 17,3512
,,,Jan 18 – Jan 24,2555
,,,Jan 25 – Jan 27,10 or fewer
,65 Years or more,2025 – 2026,Dec 28 – Jan 3,5824
,,2026,Jan 4 – Jan 10,5675
,,,Jan 11 – Jan 17,5108
,,,Jan 18 – Jan 24,3357
,,,Jan 25 – Jan 27,10 or fewer
,No value,2025 – 2026,Dec 28 – Jan 3,10 or fewer
,,2026,Jan 4 – Jan 10,10 or fewer
,,,Jan 11 – Jan 17,10 or fewer
,,,Jan 18 – Jan 24,10 or fewer
,,,Jan 25 – Jan 27,10 or fewer
,Total,2025 – 2026,Dec 28 – Jan 3,22508
,,2026,Jan 4 – Jan 10,22062
,,,Jan 11 – Jan 17,20738
,,,Jan 18 – Jan 24,15822
,,,Jan 25 – Jan 27,18
Tennessee,Less than 1 Years,2025 – 2026,Dec 28 – Jan 3,730
,,2026,Jan 4 – Jan 10,565
,,,Jan 11 – Jan 17,474
,,,Jan 18 – Jan 24,484
,,,Jan 25 – Jan 27,10 or fewer
,≥ 1 and < 5 Years,2025 – 2026,Dec 28 – Jan 3,1545
,,2026,Jan 4 – Jan 10,1112
,,,Jan 11 – Jan 17,1088
,,,Jan 18 – Jan 24,1042
,,,Jan 25 – Jan 27,10 or fewer
,≥ 5 and < 18 Years,2025 – 2026,Dec 28 – Jan 3,1726
,,2026,Jan 4 – Jan 10,2038
,,,Jan 11 – Jan 17,2196
,,,Jan 18 – Jan 24,2095
,,,Jan 25 – Jan 27,10 or fewer
,≥ 18 and < 50 Years,2025 – 2026,Dec 28 – Jan 3,8209
,,2026,Jan 4 – Jan 10,8140
,,,Jan 11 – Jan 17,7575
,,,Jan 18 – Jan 24,5989
,,,Jan 25 – Jan 27,10 or fewer
,≥ 50 and < 65 Years,2025 – 2026,Dec 28 – Jan 3,3689
,,2026,Jan 4 – Jan 10,3722
,,,Jan 11 – Jan 17,3620
,,,Jan 18 – Jan 24,2579
,,,Jan 25 – Jan 27,10 or fewer
,65 Years or more,2025 – 2026,Dec 28 – Jan 3,5520
,,2026,Jan 4 – Jan 10,5210
,,,Jan 11 – Jan 17,4795
,,,Jan 18 – Jan 24,3109
,,,Jan 25 – Jan 27,10 or fewer
,No value,2025 – 2026,Dec 28 – Jan 3,10 or fewer
,,2026,Jan 4 – Jan 10,10 or fewer
,,,Jan 11 – Jan 17,10 or fewer
,,,Jan 18 – Jan 24,10 or fewer
,,,Jan 25 – Jan 27,10 or fewer
,Total,2025 – 2026,Dec 28 – Jan 3,21419
,,2026,Jan 4 – Jan 10,20787
,,,Jan 11 – Jan 17,19748
,,,Jan 18 – Jan 24,15298
,,,Jan 25 – Jan 27,13
Wisconsin,Less than 1 Years,2025 – 2026,Dec 28 – Jan 3,691
,,2026,Jan 4 – Jan 10,577
,,,Jan 11 – Jan 17,541
,,,Jan 18 – Jan 24,449
,,,Jan 25 – Jan 27,15
,≥ 1 and < 5 Years,2025 – 2026,Dec 28 – Jan 3,1446
,,2026,Jan 4 – Jan 10,1105
,,,Jan 11 – Jan 17,1221
,,,Jan 18 – Jan 24,972
,,,Jan 25 – Jan 27,47
,≥ 5 and < 18 Years,2025 – 2026,Dec 28 – Jan 3,1804
,,2026,Jan 4 – Jan 10,2034
,,,Jan 11 – Jan 17,2086
,,,Jan 18 – Jan 24,1515
,,,Jan 25 – Jan 27,81
,≥ 18 and < 50 Years,2025 – 2026,Dec 28 – Jan 3,7617
,,2026,Jan 4 – Jan 10,7440
,,,Jan 11 – Jan 17,7003
,,,Jan 18 – Jan 24,5357
,,,Jan 25 – Jan 27,61
,≥ 50 and < 65 Years,2025 – 2026,Dec 28 – Jan 3,3367
,,2026,Jan 4 – Jan 10,3414
,,,Jan 11 – Jan 17,3241
,,,Jan 18 – Jan 24,2285
,,,Jan 25 – Jan 27,17
,65 Years or more,2025 – 2026,Dec 28 – Jan 3,5747
,,2026,Jan 4 – Jan 10,5706
,,,Jan 11 – Jan 17,5250
,,,Jan 18 – Jan 24,3158
,,,Jan 25 – Jan 27,31
,No value,2025 – 2026,Dec 28 – Jan 3,10 or fewer
,,2026,Jan 4 – Jan 10,10 or fewer
,,,Jan 11 – Jan 17,10 or fewer
,,,Jan 18 – Jan 24,10 or fewer
,,,Jan 25 – Jan 27,10 or fewer
,Total,2025 – 2026,Dec 28 – Jan 3,20672
,,2026,Jan 4 – Jan 10,20276
,,,Jan 11 – Jan 17,19342
,,,Jan 18 – Jan 24,13736
,,,Jan 25 – Jan 27,252
Mississippi,Less than 1 Years,2025 – 2026,Dec 28 – Jan 3,569
,,2026,Jan 4 – Jan 10,441
,,,Jan 11 – Jan 17,389
,,,Jan 18 – Jan 24,330
,,,Jan 25 – Jan 27,10 or fewer
,≥ 1 and < 5 Years,2025 – 2026,Dec 28 – Jan 3,1143
,,2026,Jan 4 – Jan 10,950
,,,Jan 11 – Jan 17,961
,,,Jan 18 – Jan 24,888
,,,Jan 25 – Jan 27,10 or fewer
,≥ 5 and < 18 Years,2025 – 2026,Dec 28 – Jan 3,1419
,,2026,Jan 4 – Jan 10,1639
,,,Jan 11 – Jan 17,1674
,,,Jan 18 – Jan 24,1644
,,,Jan 25 – Jan 27,10 or fewer
,≥ 18 and < 50 Years,2025 – 2026,Dec 28 – Jan 3,8302
,,2026,Jan 4 – Jan 10,8336
,,,Jan 11 – Jan 17,7640
,,,Jan 18 – Jan 24,5945
,,,Jan 25 – Jan 27,10 or fewer
,≥ 50 and < 65 Years,2025 – 2026,Dec 28 – Jan 3,3713
,,2026,Jan 4 – Jan 10,3742
,,,Jan 11 – Jan 17,3350
,,,Jan 18 – Jan 24,2493
,,,Jan 25 – Jan 27,10 or fewer
,65 Years or more,2025 – 2026,Dec 28 – Jan 3,4986
,,2026,Jan 4 – Jan 10,5057
,,,Jan 11 – Jan 17,4814
,,,Jan 18 – Jan 24,3163
,,,Jan 25 – Jan 27,10 or fewer
,No value,2025 – 2026,Dec 28 – Jan 3,10 or fewer
,,2026,Jan 4 – Jan 10,10 or fewer
,,,Jan 11 – Jan 17,10 or fewer
,,,Jan 18 – Jan 24,10 or fewer
,,,Jan 25 – Jan 27,10 or fewer
,Total,2025 – 2026,Dec 28 – Jan 3,20132
,,2026,Jan 4 – Jan 10,20165
,,,Jan 11 – Jan 17,18828
,,,Jan 18 – Jan 24,14463
,,,Jan 25 – Jan 27,10 or fewer
Minnesota,Less than 1 Years,2025 – 2026,Dec 28 – Jan 3,507
,,2026,Jan 4 – Jan 10,352
,,,Jan 11 – Jan 17,315
,,,Jan 18 – Jan 24,243
,,,Jan 25 – Jan 27,10 or fewer
,≥ 1 and < 5 Years,2025 – 2026,Dec 28 – Jan 3,1002
,,2026,Jan 4 – Jan 10,728
,,,Jan 11 – Jan 17,760
,,,Jan 18 – Jan 24,631
,,,Jan 25 – Jan 27,10 or fewer
,≥ 5 and < 18 Years,2025 – 2026,Dec 28 – Jan 3,1396
,,2026,Jan 4 – Jan 10,1555
,,,Jan 11 – Jan 17,1481
,,,Jan 18 – Jan 24,1055
,,,Jan 25 – Jan 27,10 or fewer
,≥ 18 and < 50 Years,2025 – 2026,Dec 28 – Jan 3,7418
,,2026,Jan 4 – Jan 10,7063
,,,Jan 11 – Jan 17,6521
,,,Jan 18 – Jan 24,4916
,,,Jan 25 – Jan 27,10 or fewer
,≥ 50 and < 65 Years,2025 – 2026,Dec 28 – Jan 3,2973
,,2026,Jan 4 – Jan 10,2927
,,,Jan 11 – Jan 17,2745
,,,Jan 18 – Jan 24,1962
,,,Jan 25 – Jan 27,10 or fewer
,65 Years or more,2025 – 2026,Dec 28 – Jan 3,5312
,,2026,Jan 4 – Jan 10,5395
,,,Jan 11 – Jan 17,4760
,,,Jan 18 – Jan 24,3217
,,,Jan 25 – Jan 27,10 or fewer
,No value,2025 – 2026,Dec 28 – Jan 3,10 or fewer
,,2026,Jan 4 – Jan 10,10 or fewer
,,,Jan 11 – Jan 17,10 or fewer
,,,Jan 18 – Jan 24,10 or fewer
,,,Jan 25 – Jan 27,10 or fewer
,Total,2025 – 2026,Dec 28 – Jan 3,18608
,,2026,Jan 4 – Jan 10,18020
,,,Jan 11 – Jan 17,16582
,,,Jan 18 – Jan 24,12024
,,,Jan 25 – Jan 27,10 or fewer
Maryland,Less than 1 Years,2025 – 2026,Dec 28 – Jan 3,503
,,2026,Jan 4 – Jan 10,332
,,,Jan 11 – Jan 17,305
,,,Jan 18 – Jan 24,243
,,,Jan 25 – Jan 27,10 or fewer
,≥ 1 and < 5 Years,2025 – 2026,Dec 28 – Jan 3,989
,,2026,Jan 4 – Jan 10,711
,,,Jan 11 – Jan 17,673
,,,Jan 18 – Jan 24,574
,,,Jan 25 – Jan 27,10 or fewer
,≥ 5 and < 18 Years,2025 – 2026,Dec 28 – Jan 3,1095
,,2026,Jan 4 – Jan 10,1261
,,,Jan 11 – Jan 17,1339
,,,Jan 18 – Jan 24,1040
,,,Jan 25 – Jan 27,10 or fewer
,≥ 18 and < 50 Years,2025 – 2026,Dec 28 – Jan 3,7004
,,2026,Jan 4 – Jan 10,7291
,,,Jan 11 – Jan 17,6655
,,,Jan 18 – Jan 24,5263
,,,Jan 25 – Jan 27,23
,≥ 50 and < 65 Years,2025 – 2026,Dec 28 – Jan 3,3021
,,2026,Jan 4 – Jan 10,3056
,,,Jan 11 – Jan 17,2971
,,,Jan 18 – Jan 24,2115
,,,Jan 25 – Jan 27,14
,65 Years or more,2025 – 2026,Dec 28 – Jan 3,4921
,,2026,Jan 4 – Jan 10,4562
,,,Jan 11 – Jan 17,4351
,,,Jan 18 – Jan 24,2734
,,,Jan 25 – Jan 27,76
,No value,2025 – 2026,Dec 28 – Jan 3,10 or fewer
,,2026,Jan 4 – Jan 10,10 or fewer
,,,Jan 11 – Jan 17,10 or fewer
,,,Jan 18 – Jan 24,10 or fewer
,,,Jan 25 – Jan 27,10 or fewer
,Total,2025 – 2026,Dec 28 – Jan 3,17533
,,2026,Jan 4 – Jan 10,17213
,,,Jan 11 – Jan 17,16294
,,,Jan 18 – Jan 24,11969
,,,Jan 25 – Jan 27,119
Oregon,Less than 1 Years,2025 – 2026,Dec 28 – Jan 3,306
,,2026,Jan 4 – Jan 10,283
,,,Jan 11 – Jan 17,277
,,,Jan 18 – Jan 24,224
,,,Jan 25 – Jan 27,10 or fewer
,≥ 1 and < 5 Years,2025 – 2026,Dec 28 – Jan 3,708
,,2026,Jan 4 – Jan 10,613
,,,Jan 11 – Jan 17,601
,,,Jan 18 – Jan 24,667
,,,Jan 25 – Jan 27,10 or fewer
,≥ 5 and < 18 Years,2025 – 2026,Dec 28 – Jan 3,1166
,,2026,Jan 4 – Jan 10,1391
,,,Jan 11 – Jan 17,1568
,,,Jan 18 – Jan 24,1429
,,,Jan 25 – Jan 27,10 or fewer
,≥ 18 and < 50 Years,2025 – 2026,Dec 28 – Jan 3,5907
,,2026,Jan 4 – Jan 10,6077
,,,Jan 11 – Jan 17,5748
,,,Jan 18 – Jan 24,4661
,,,Jan 25 – Jan 27,10 or fewer
,≥ 50 and < 65 Years,2025 – 2026,Dec 28 – Jan 3,2327
,,2026,Jan 4 – Jan 10,2365
,,,Jan 11 – Jan 17,2319
,,,Jan 18 – Jan 24,1754
,,,Jan 25 – Jan 27,10 or fewer
,65 Years or more,2025 – 2026,Dec 28 – Jan 3,4017
,,2026,Jan 4 – Jan 10,3917
,,,Jan 11 – Jan 17,3833
,,,Jan 18 – Jan 24,2753
,,,Jan 25 – Jan 27,10 or fewer
,No value,2025 – 2026,Dec 28 – Jan 3,10 or fewer
,,2026,Jan 4 – Jan 10,10 or fewer
,,,Jan 11 – Jan 17,10 or fewer
,,,Jan 18 – Jan 24,10 or fewer
,,,Jan 25 – Jan 27,10 or fewer
,Total,2025 – 2026,Dec 28 – Jan 3,14431
,,2026,Jan 4 – Jan 10,14646
,,,Jan 11 – Jan 17,14346
,,,Jan 18 – Jan 24,11488
,,,Jan 25 – Jan 27,17
Utah,Less than 1 Years,2025 – 2026,Dec 28 – Jan 3,456
,,2026,Jan 4 – Jan 10,337
,,,Jan 11 – Jan 17,331
,,,Jan 18 – Jan 24,255
,,,Jan 25 – Jan 27,10 or fewer
,≥ 1 and < 5 Years,2025 – 2026,Dec 28 – Jan 3,946
,,2026,Jan 4 – Jan 10,755
,,,Jan 11 – Jan 17,682
,,,Jan 18 – Jan 24,578
,,,Jan 25 – Jan 27,10 or fewer
,≥ 5 and < 18 Years,2025 – 2026,Dec 28 – Jan 3,1272
,,2026,Jan 4 – Jan 10,1345
,,,Jan 11 – Jan 17,1431
,,,Jan 18 – Jan 24,1155
,,,Jan 25 – Jan 27,10 or fewer
,≥ 18 and < 50 Years,2025 – 2026,Dec 28 – Jan 3,5797
,,2026,Jan 4 – Jan 10,5634
,,,Jan 11 – Jan 17,5286
,,,Jan 18 – Jan 24,4220
,,,Jan 25 – Jan 27,10 or fewer
,≥ 50 and < 65 Years,2025 – 2026,Dec 28 – Jan 3,2011
,,2026,Jan 4 – Jan 10,1899
,,,Jan 11 – Jan 17,1834
,,,Jan 18 – Jan 24,1485
,,,Jan 25 – Jan 27,10 or fewer
,65 Years or more,2025 – 2026,Dec 28 – Jan 3,3349
,,2026,Jan 4 – Jan 10,3113
,,,Jan 11 – Jan 17,2944
,,,Jan 18 – Jan 24,2222
,,,Jan 25 – Jan 27,39
,No value,2025 – 2026,Dec 28 – Jan 3,10 or fewer
,,2026,Jan 4 – Jan 10,10 or fewer
,,,Jan 11 – Jan 17,10 or fewer
,,,Jan 18 – Jan 24,10 or fewer
,,,Jan 25 – Jan 27,10 or fewer
,Total,2025 – 2026,Dec 28 – Jan 3,13831
,,2026,Jan 4 – Jan 10,13083
,,,Jan 11 – Jan 17,12508
,,,Jan 18 – Jan 24,9915
,,,Jan 25 – Jan 27,59
Iowa,Less than 1 Years,2025 – 2026,Dec 28 – Jan 3,520
,,2026,Jan 4 – Jan 10,463
,,,Jan 11 – Jan 17,401
,,,Jan 18 – Jan 24,306
,,,Jan 25 – Jan 27,10 or fewer
,≥ 1 and < 5 Years,2025 – 2026,Dec 28 – Jan 3,958
,,2026,Jan 4 – Jan 10,797
,,,Jan 11 – Jan 17,832
,,,Jan 18 – Jan 24,689
,,,Jan 25 – Jan 27,10 or fewer
,≥ 5 and < 18 Years,2025 – 2026,Dec 28 – Jan 3,1054
,,2026,Jan 4 – Jan 10,1187
,,,Jan 11 – Jan 17,1404
,,,Jan 18 – Jan 24,993
,,,Jan 25 – Jan 27,10 or fewer
,≥ 18 and < 50 Years,2025 – 2026,Dec 28 – Jan 3,4966
,,2026,Jan 4 – Jan 10,5146
,,,Jan 11 – Jan 17,4903
,,,Jan 18 – Jan 24,3671
,,,Jan 25 – Jan 27,27
,≥ 50 and < 65 Years,2025 – 2026,Dec 28 – Jan 3,2155
,,2026,Jan 4 – Jan 10,2211
,,,Jan 11 – Jan 17,1993
,,,Jan 18 – Jan 24,1474
,,,Jan 25 – Jan 27,10 or fewer
,65 Years or more,2025 – 2026,Dec 28 – Jan 3,3774
,,2026,Jan 4 – Jan 10,3760
,,,Jan 11 – Jan 17,3447
,,,Jan 18 – Jan 24,2158
,,,Jan 25 – Jan 27,22
,No value,2025 – 2026,Dec 28 – Jan 3,10 or fewer
,,2026,Jan 4 – Jan 10,10 or fewer
,,,Jan 11 – Jan 17,10 or fewer
,,,Jan 18 – Jan 24,10 or fewer
,,,Jan 25 – Jan 27,10 or fewer
,Total,2025 – 2026,Dec 28 – Jan 3,13427
,,2026,Jan 4 – Jan 10,13564
,,,Jan 11 – Jan 17,12980
,,,Jan 18 – Jan 24,9291
,,,Jan 25 – Jan 27,65
Oklahoma,Less than 1 Years,2025 – 2026,Dec 28 – Jan 3,566
,,2026,Jan 4 – Jan 10,459
,,,Jan 11 – Jan 17,421
,,,Jan 18 – Jan 24,351
,,,Jan 25 – Jan 27,10 or fewer
,≥ 1 and < 5 Years,2025 – 2026,Dec 28 – Jan 3,891
,,2026,Jan 4 – Jan 10,821
,,,Jan 11 – Jan 17,767
,,,Jan 18 – Jan 24,792
,,,Jan 25 – Jan 27,10 or fewer
,≥ 5 and < 18 Years,2025 – 2026,Dec 28 – Jan 3,1140
,,2026,Jan 4 – Jan 10,1319
,,,Jan 11 – Jan 17,1516
,,,Jan 18 – Jan 24,1208
,,,Jan 25 – Jan 27,10 or fewer
,≥ 18 and < 50 Years,2025 – 2026,Dec 28 – Jan 3,4346
,,2026,Jan 4 – Jan 10,4484
,,,Jan 11 – Jan 17,4193
,,,Jan 18 – Jan 24,3360
,,,Jan 25 – Jan 27,23
,≥ 50 and < 65 Years,2025 – 2026,Dec 28 – Jan 3,1802
,,2026,Jan 4 – Jan 10,1814
,,,Jan 11 – Jan 17,1779
,,,Jan 18 – Jan 24,1211
,,,Jan 25 – Jan 27,10 or fewer
,65 Years or more,2025 – 2026,Dec 28 – Jan 3,2638
,,2026,Jan 4 – Jan 10,2525
,,,Jan 11 – Jan 17,2304
,,,Jan 18 – Jan 24,1527
,,,Jan 25 – Jan 27,26
,No value,2025 – 2026,Dec 28 – Jan 3,10 or fewer
,,2026,Jan 4 – Jan 10,10 or fewer
,,,Jan 11 – Jan 17,10 or fewer
,,,Jan 18 – Jan 24,10 or fewer
,,,Jan 25 – Jan 27,10 or fewer
,Total,2025 – 2026,Dec 28 – Jan 3,11383
,,2026,Jan 4 – Jan 10,11422
,,,Jan 11 – Jan 17,10980
,,,Jan 18 – Jan 24,8449
,,,Jan 25 – Jan 27,73
Arizona,Less than 1 Years,2025 – 2026,Dec 28 – Jan 3,160
,,2026,Jan 4 – Jan 10,129
,,,Jan 11 – Jan 17,119
,,,Jan 18 – Jan 24,113
,,,Jan 25 – Jan 27,10 or fewer
,≥ 1 and < 5 Years,2025 – 2026,Dec 28 – Jan 3,347
,,2026,Jan 4 – Jan 10,294
,,,Jan 11 – Jan 17,340
,,,Jan 18 – Jan 24,285
,,,Jan 25 – Jan 27,10 or fewer
,≥ 5 and < 18 Years,2025 – 2026,Dec 28 – Jan 3,600
,,2026,Jan 4 – Jan 10,656
,,,Jan 11 – Jan 17,838
,,,Jan 18 – Jan 24,711
,,,Jan 25 – Jan 27,10 or fewer
,≥ 18 and < 50 Years,2025 – 2026,Dec 28 – Jan 3,3692
,,2026,Jan 4 – Jan 10,3751
,,,Jan 11 – Jan 17,3777
,,,Jan 18 – Jan 24,2981
,,,Jan 25 – Jan 27,26
,≥ 50 and < 65 Years,2025 – 2026,Dec 28 – Jan 3,1660
,,2026,Jan 4 – Jan 10,1649
,,,Jan 11 – Jan 17,1628
,,,Jan 18 – Jan 24,1289
,,,Jan 25 – Jan 27,12
,65 Years or more,2025 – 2026,Dec 28 – Jan 3,3086
,,2026,Jan 4 – Jan 10,3196
,,,Jan 11 – Jan 17,3012
,,,Jan 18 – Jan 24,2015
,,,Jan 25 – Jan 27,18
,No value,2025 – 2026,Dec 28 – Jan 3,10 or fewer
,,2026,Jan 4 – Jan 10,10 or fewer
,,,Jan 11 – Jan 17,10 or fewer
,,,Jan 18 – Jan 24,10 or fewer
,,,Jan 25 – Jan 27,10 or fewer
,Total,2025 – 2026,Dec 28 – Jan 3,9545
,,2026,Jan 4 – Jan 10,9675
,,,Jan 11 – Jan 17,9714
,,,Jan 18 – Jan 24,7394
,,,Jan 25 – Jan 27,56
West Virginia,Less than 1 Years,2025 – 2026,Dec 28 – Jan 3,226
,,2026,Jan 4 – Jan 10,191
,,,Jan 11 – Jan 17,153
,,,Jan 18 – Jan 24,133
,,,Jan 25 – Jan 27,10 or fewer
,≥ 1 and < 5 Years,2025 – 2026,Dec 28 – Jan 3,465
,,2026,Jan 4 – Jan 10,381
,,,Jan 11 – Jan 17,382
,,,Jan 18 – Jan 24,306
,,,Jan 25 – Jan 27,10 or fewer
,≥ 5 and < 18 Years,2025 – 2026,Dec 28 – Jan 3,670
,,2026,Jan 4 – Jan 10,851
,,,Jan 11 – Jan 17,901
,,,Jan 18 – Jan 24,669
,,,Jan 25 – Jan 27,19
,≥ 18 and < 50 Years,2025 – 2026,Dec 28 – Jan 3,3721
,,2026,Jan 4 – Jan 10,3760
,,,Jan 11 – Jan 17,3382
,,,Jan 18 – Jan 24,2813
,,,Jan 25 – Jan 27,95
,≥ 50 and < 65 Years,2025 – 2026,Dec 28 – Jan 3,1880
,,2026,Jan 4 – Jan 10,2039
,,,Jan 11 – Jan 17,1782
,,,Jan 18 – Jan 24,1316
,,,Jan 25 – Jan 27,57
,65 Years or more,2025 – 2026,Dec 28 – Jan 3,3142
,,2026,Jan 4 – Jan 10,3083
,,,Jan 11 – Jan 17,2803
,,,Jan 18 – Jan 24,2002
,,,Jan 25 – Jan 27,77
,No value,2025 – 2026,Dec 28 – Jan 3,10 or fewer
,,2026,Jan 4 – Jan 10,10 or fewer
,,,Jan 11 – Jan 17,10 or fewer
,,,Jan 18 – Jan 24,10 or fewer
,,,Jan 25 – Jan 27,10 or fewer
,Total,2025 – 2026,Dec 28 – Jan 3,10104
,,2026,Jan 4 – Jan 10,10305
,,,Jan 11 – Jan 17,9403
,,,Jan 18 – Jan 24,7239
,,,Jan 25 – Jan 27,264
Washington,Less than 1 Years,2025 – 2026,Dec 28 – Jan 3,195
,,2026,Jan 4 – Jan 10,173
,,,Jan 11 – Jan 17,141
,,,Jan 18 – Jan 24,132
,,,Jan 25 – Jan 27,10 or fewer
,≥ 1 and < 5 Years,2025 – 2026,Dec 28 – Jan 3,412
,,2026,Jan 4 – Jan 10,354
,,,Jan 11 – Jan 17,427
,,,Jan 18 – Jan 24,334
,,,Jan 25 – Jan 27,10 or fewer
,≥ 5 and < 18 Years,2025 – 2026,Dec 28 – Jan 3,594
,,2026,Jan 4 – Jan 10,757
,,,Jan 11 – Jan 17,793
,,,Jan 18 – Jan 24,646
,,,Jan 25 – Jan 27,10 or fewer
,≥ 18 and < 50 Years,2025 – 2026,Dec 28 – Jan 3,3491
,,2026,Jan 4 – Jan 10,3476
,,,Jan 11 – Jan 17,3557
,,,Jan 18 – Jan 24,2768
,,,Jan 25 – Jan 27,10 or fewer
,≥ 50 and < 65 Years,2025 – 2026,Dec 28 – Jan 3,1444
,,2026,Jan 4 – Jan 10,1513
,,,Jan 11 – Jan 17,1343
,,,Jan 18 – Jan 24,1139
,,,Jan 25 – Jan 27,10 or fewer
,65 Years or more,2025 – 2026,Dec 28 – Jan 3,2647
,,2026,Jan 4 – Jan 10,2559
,,,Jan 11 – Jan 17,2533
,,,Jan 18 – Jan 24,1809
,,,Jan 25 – Jan 27,10 or fewer
,No value,2025 – 2026,Dec 28 – Jan 3,10 or fewer
,,2026,Jan 4 – Jan 10,10 or fewer
,,,Jan 11 – Jan 17,10 or fewer
,,,Jan 18 – Jan 24,10 or fewer
,,,Jan 25 – Jan 27,10 or fewer
,Total,2025 – 2026,Dec 28 – Jan 3,8783
,,2026,Jan 4 – Jan 10,8832
,,,Jan 11 – Jan 17,8794
,,,Jan 18 – Jan 24,6828
,,,Jan 25 – Jan 27,10 or fewer
Arkansas,Less than 1 Years,2025 – 2026,Dec 28 – Jan 3,492
,,2026,Jan 4 – Jan 10,420
,,,Jan 11 – Jan 17,396
,,,Jan 18 – Jan 24,323
,,,Jan 25 – Jan 27,10 or fewer
,≥ 1 and < 5 Years,2025 – 2026,Dec 28 – Jan 3,961
,,2026,Jan 4 – Jan 10,808
,,,Jan 11 – Jan 17,821
,,,Jan 18 – Jan 24,766
,,,Jan 25 – Jan 27,10 or fewer
,≥ 5 and < 18 Years,2025 – 2026,Dec 28 – Jan 3,1065
,,2026,Jan 4 – Jan 10,1159
,,,Jan 11 – Jan 17,1310
,,,Jan 18 – Jan 24,1096
,,,Jan 25 – Jan 27,10 or fewer
,≥ 18 and < 50 Years,2025 – 2026,Dec 28 – Jan 3,3382
,,2026,Jan 4 – Jan 10,3337
,,,Jan 11 – Jan 17,3124
,,,Jan 18 – Jan 24,2376
,,,Jan 25 – Jan 27,10 or fewer
,≥ 50 and < 65 Years,2025 – 2026,Dec 28 – Jan 3,1356
,,2026,Jan 4 – Jan 10,1369
,,,Jan 11 – Jan 17,1285
,,,Jan 18 – Jan 24,937
,,,Jan 25 – Jan 27,10 or fewer
,65 Years or more,2025 – 2026,Dec 28 – Jan 3,1830
,,2026,Jan 4 – Jan 10,1821
,,,Jan 11 – Jan 17,1756
,,,Jan 18 – Jan 24,1185
,,,Jan 25 – Jan 27,10 or fewer
,No value,2025 – 2026,Dec 28 – Jan 3,10 or fewer
,,2026,Jan 4 – Jan 10,10 or fewer
,,,Jan 11 – Jan 17,10 or fewer
,,,Jan 18 – Jan 24,10 or fewer
,,,Jan 25 – Jan 27,10 or fewer
,Total,2025 – 2026,Dec 28 – Jan 3,9086
,,2026,Jan 4 – Jan 10,8914
,,,Jan 11 – Jan 17,8692
,,,Jan 18 – Jan 24,6683
,,,Jan 25 – Jan 27,10 or fewer
Idaho,Less than 1 Years,2025 – 2026,Dec 28 – Jan 3,200
,,2026,Jan 4 – Jan 10,167
,,,Jan 11 – Jan 17,152
,,,Jan 18 – Jan 24,144
,,,Jan 25 – Jan 27,10 or fewer
,≥ 1 and < 5 Years,2025 – 2026,Dec 28 – Jan 3,440
,,2026,Jan 4 – Jan 10,345
,,,Jan 11 – Jan 17,332
,,,Jan 18 – Jan 24,249
,,,Jan 25 – Jan 27,10 or fewer
,≥ 5 and < 18 Years,2025 – 2026,Dec 28 – Jan 3,667
,,2026,Jan 4 – Jan 10,654
,,,Jan 11 – Jan 17,656
,,,Jan 18 – Jan 24,616
,,,Jan 25 – Jan 27,10 or fewer
,≥ 18 and < 50 Years,2025 – 2026,Dec 28 – Jan 3,3179
,,2026,Jan 4 – Jan 10,3202
,,,Jan 11 – Jan 17,2983
,,,Jan 18 – Jan 24,2386
,,,Jan 25 – Jan 27,14
,≥ 50 and < 65 Years,2025 – 2026,Dec 28 – Jan 3,1250
,,2026,Jan 4 – Jan 10,1221
,,,Jan 11 – Jan 17,1255
,,,Jan 18 – Jan 24,922
,,,Jan 25 – Jan 27,10 or fewer
,65 Years or more,2025 – 2026,Dec 28 – Jan 3,2383
,,2026,Jan 4 – Jan 10,2287
,,,Jan 11 – Jan 17,2106
,,,Jan 18 – Jan 24,1552
,,,Jan 25 – Jan 27,10 or fewer
,No value,2025 – 2026,Dec 28 – Jan 3,10 or fewer
,,2026,Jan 4 – Jan 10,10 or fewer
,,,Jan 11 – Jan 17,10 or fewer
,,,Jan 18 – Jan 24,10 or fewer
,,,Jan 25 – Jan 27,10 or fewer
,Total,2025 – 2026,Dec 28 – Jan 3,8119
,,2026,Jan 4 – Jan 10,7876
,,,Jan 11 – Jan 17,7484
,,,Jan 18 – Jan 24,5869
,,,Jan 25 – Jan 27,26
Kansas,Less than 1 Years,2025 – 2026,Dec 28 – Jan 3,117
,,2026,Jan 4 – Jan 10,93
,,,Jan 11 – Jan 17,90
,,,Jan 18 – Jan 24,75
,,,Jan 25 – Jan 27,10 or fewer
,≥ 1 and < 5 Years,2025 – 2026,Dec 28 – Jan 3,248
,,2026,Jan 4 – Jan 10,194
,,,Jan 11 – Jan 17,193
,,,Jan 18 – Jan 24,194
,,,Jan 25 – Jan 27,10 or fewer
,≥ 5 and < 18 Years,2025 – 2026,Dec 28 – Jan 3,436
,,2026,Jan 4 – Jan 10,471
,,,Jan 11 – Jan 17,535
,,,Jan 18 – Jan 24,465
,,,Jan 25 – Jan 27,10 or fewer
,≥ 18 and < 50 Years,2025 – 2026,Dec 28 – Jan 3,2928
,,2026,Jan 4 – Jan 10,2814
,,,Jan 11 – Jan 17,2798
,,,Jan 18 – Jan 24,2134
,,,Jan 25 – Jan 27,10 or fewer
,≥ 50 and < 65 Years,2025 – 2026,Dec 28 – Jan 3,1221
,,2026,Jan 4 – Jan 10,1204
,,,Jan 11 – Jan 17,1160
,,,Jan 18 – Jan 24,812
,,,Jan 25 – Jan 27,10 or fewer
,65 Years or more,2025 – 2026,Dec 28 – Jan 3,2279
,,2026,Jan 4 – Jan 10,2267
,,,Jan 11 – Jan 17,1997
,,,Jan 18 – Jan 24,1367
,,,Jan 25 – Jan 27,10 or fewer
,No value,2025 – 2026,Dec 28 – Jan 3,10 or fewer
,,2026,Jan 4 – Jan 10,10 or fewer
,,,Jan 11 – Jan 17,10 or fewer
,,,Jan 18 – Jan 24,10 or fewer
,,,Jan 25 – Jan 27,10 or fewer
,Total,2025 – 2026,Dec 28 – Jan 3,7229
,,2026,Jan 4 – Jan 10,7043
,,,Jan 11 – Jan 17,6773
,,,Jan 18 – Jan 24,5047
,,,Jan 25 – Jan 27,10 or fewer
Hawaii,Less than 1 Years,2025 – 2026,Dec 28 – Jan 3,186
,,2026,Jan 4 – Jan 10,155
,,,Jan 11 – Jan 17,140
,,,Jan 18 – Jan 24,107
,,,Jan 25 – Jan 27,10 or fewer
,≥ 1 and < 5 Years,2025 – 2026,Dec 28 – Jan 3,426
,,2026,Jan 4 – Jan 10,389
,,,Jan 11 – Jan 17,372
,,,Jan 18 – Jan 24,340
,,,Jan 25 – Jan 27,10 or fewer
,≥ 5 and < 18 Years,2025 – 2026,Dec 28 – Jan 3,586
,,2026,Jan 4 – Jan 10,563
,,,Jan 11 – Jan 17,603
,,,Jan 18 – Jan 24,545
,,,Jan 25 – Jan 27,10 or fewer
,≥ 18 and < 50 Years,2025 – 2026,Dec 28 – Jan 3,2473
,,2026,Jan 4 – Jan 10,2452
,,,Jan 11 – Jan 17,2180
,,,Jan 18 – Jan 24,1868
,,,Jan 25 – Jan 27,10 or fewer
,≥ 50 and < 65 Years,2025 – 2026,Dec 28 – Jan 3,1160
,,2026,Jan 4 – Jan 10,1165
,,,Jan 11 – Jan 17,1128
,,,Jan 18 – Jan 24,888
,,,Jan 25 – Jan 27,10 or fewer
,65 Years or more,2025 – 2026,Dec 28 – Jan 3,1982
,,2026,Jan 4 – Jan 10,2017
,,,Jan 11 – Jan 17,1896
,,,Jan 18 – Jan 24,1388
,,,Jan 25 – Jan 27,10 or fewer
,No value,2025 – 2026,Dec 28 – Jan 3,10 or fewer
,,2026,Jan 4 – Jan 10,10 or fewer
,,,Jan 11 – Jan 17,10 or fewer
,,,Jan 18 – Jan 24,10 or fewer
,,,Jan 25 – Jan 27,10 or fewer
,Total,2025 – 2026,Dec 28 – Jan 3,6813
,,2026,Jan 4 – Jan 10,6741
,,,Jan 11 – Jan 17,6319
,,,Jan 18 – Jan 24,5136
,,,Jan 25 – Jan 27,10 or fewer
Missouri,Less than 1 Years,2025 – 2026,Dec 28 – Jan 3,98
,,2026,Jan 4 – Jan 10,79
,,,Jan 11 – Jan 17,67
,,,Jan 18 – Jan 24,57
,,,Jan 25 – Jan 27,10 or fewer
,≥ 1 and < 5 Years,2025 – 2026,Dec 28 – Jan 3,192
,,2026,Jan 4 – Jan 10,150
,,,Jan 11 – Jan 17,145
,,,Jan 18 – Jan 24,121
,,,Jan 25 – Jan 27,10 or fewer
,≥ 5 and < 18 Years,2025 – 2026,Dec 28 – Jan 3,299
,,2026,Jan 4 – Jan 10,307
,,,Jan 11 – Jan 17,347
,,,Jan 18 – Jan 24,274
,,,Jan 25 – Jan 27,10 or fewer
,≥ 18 and < 50 Years,2025 – 2026,Dec 28 – Jan 3,2571
,,2026,Jan 4 – Jan 10,2706
,,,Jan 11 – Jan 17,2528
,,,Jan 18 – Jan 24,1952
,,,Jan 25 – Jan 27,10 or fewer
,≥ 50 and < 65 Years,2025 – 2026,Dec 28 – Jan 3,1181
,,2026,Jan 4 – Jan 10,1224
,,,Jan 11 – Jan 17,1234
,,,Jan 18 – Jan 24,796
,,,Jan 25 – Jan 27,10 or fewer
,65 Years or more,2025 – 2026,Dec 28 – Jan 3,2157
,,2026,Jan 4 – Jan 10,2034
,,,Jan 11 – Jan 17,1877
,,,Jan 18 – Jan 24,1226
,,,Jan 25 – Jan 27,10 or fewer
,No value,2025 – 2026,Dec 28 – Jan 3,10 or fewer
,,2026,Jan 4 – Jan 10,10 or fewer
,,,Jan 11 – Jan 17,10 or fewer
,,,Jan 18 – Jan 24,10 or fewer
,,,Jan 25 – Jan 27,10 or fewer
,Total,2025 – 2026,Dec 28 – Jan 3,6498
,,2026,Jan 4 – Jan 10,6500
,,,Jan 11 – Jan 17,6198
,,,Jan 18 – Jan 24,4426
,,,Jan 25 – Jan 27,10 or fewer
Alabama,Less than 1 Years,2025 – 2026,Dec 28 – Jan 3,366
,,2026,Jan 4 – Jan 10,317
,,,Jan 11 – Jan 17,263
,,,Jan 18 – Jan 24,217
,,,Jan 25 – Jan 27,10 or fewer
,≥ 1 and < 5 Years,2025 – 2026,Dec 28 – Jan 3,721
,,2026,Jan 4 – Jan 10,596
,,,Jan 11 – Jan 17,533
,,,Jan 18 – Jan 24,489
,,,Jan 25 – Jan 27,10 or fewer
,≥ 5 and < 18 Years,2025 – 2026,Dec 28 – Jan 3,880
,,2026,Jan 4 – Jan 10,1072
,,,Jan 11 – Jan 17,1023
,,,Jan 18 – Jan 24,916
,,,Jan 25 – Jan 27,10 or fewer
,≥ 18 and < 50 Years,2025 – 2026,Dec 28 – Jan 3,2125
,,2026,Jan 4 – Jan 10,2035
,,,Jan 11 – Jan 17,1909
,,,Jan 18 – Jan 24,1510
,,,Jan 25 – Jan 27,10 or fewer
,≥ 50 and < 65 Years,2025 – 2026,Dec 28 – Jan 3,956
,,2026,Jan 4 – Jan 10,961
,,,Jan 11 – Jan 17,869
,,,Jan 18 – Jan 24,629
,,,Jan 25 – Jan 27,10 or fewer
,65 Years or more,2025 – 2026,Dec 28 – Jan 3,1491
,,2026,Jan 4 – Jan 10,1462
,,,Jan 11 – Jan 17,1328
,,,Jan 18 – Jan 24,848
,,,Jan 25 – Jan 27,12
,No value,2025 – 2026,Dec 28 – Jan 3,10 or fewer
,,2026,Jan 4 – Jan 10,10 or fewer
,,,Jan 11 – Jan 17,10 or fewer
,,,Jan 18 – Jan 24,10 or fewer
,,,Jan 25 – Jan 27,10 or fewer
,Total,2025 – 2026,Dec 28 – Jan 3,6539
,,2026,Jan 4 – Jan 10,6443
,,,Jan 11 – Jan 17,5925
,,,Jan 18 – Jan 24,4609
,,,Jan 25 – Jan 27,25
Nebraska,Less than 1 Years,2025 – 2026,Dec 28 – Jan 3,132
,,2026,Jan 4 – Jan 10,115
,,,Jan 11 – Jan 17,117
,,,Jan 18 – Jan 24,95
,,,Jan 25 – Jan 27,10 or fewer
,≥ 1 and < 5 Years,2025 – 2026,Dec 28 – Jan 3,248
,,2026,Jan 4 – Jan 10,223
,,,Jan 11 – Jan 17,223
,,,Jan 18 – Jan 24,169
,,,Jan 25 – Jan 27,10 or fewer
,≥ 5 and < 18 Years,2025 – 2026,Dec 28 – Jan 3,387
,,2026,Jan 4 – Jan 10,460
,,,Jan 11 – Jan 17,506
,,,Jan 18 – Jan 24,387
,,,Jan 25 – Jan 27,10 or fewer
,≥ 18 and < 50 Years,2025 – 2026,Dec 28 – Jan 3,2609
,,2026,Jan 4 – Jan 10,2580
,,,Jan 11 – Jan 17,2548
,,,Jan 18 – Jan 24,1903
,,,Jan 25 – Jan 27,10 or fewer
,≥ 50 and < 65 Years,2025 – 2026,Dec 28 – Jan 3,958
,,2026,Jan 4 – Jan 10,1056
,,,Jan 11 – Jan 17,985
,,,Jan 18 – Jan 24,705
,,,Jan 25 – Jan 27,10 or fewer
,65 Years or more,2025 – 2026,Dec 28 – Jan 3,1721
,,2026,Jan 4 – Jan 10,1733
,,,Jan 11 – Jan 17,1616
,,,Jan 18 – Jan 24,1062
,,,Jan 25 – Jan 27,10 or fewer
,No value,2025 – 2026,Dec 28 – Jan 3,10 or fewer
,,2026,Jan 4 – Jan 10,10 or fewer
,,,Jan 11 – Jan 17,10 or fewer
,,,Jan 18 – Jan 24,10 or fewer
,,,Jan 25 – Jan 27,10 or fewer
,Total,2025 – 2026,Dec 28 – Jan 3,6055
,,2026,Jan 4 – Jan 10,6167
,,,Jan 11 – Jan 17,5995
,,,Jan 18 – Jan 24,4321
,,,Jan 25 – Jan 27,10 or fewer
Maine,Less than 1 Years,2025 – 2026,Dec 28 – Jan 3,113
,,2026,Jan 4 – Jan 10,69
,,,Jan 11 – Jan 17,105
,,,Jan 18 – Jan 24,68
,,,Jan 25 – Jan 27,10 or fewer
,≥ 1 and < 5 Years,2025 – 2026,Dec 28 – Jan 3,233
,,2026,Jan 4 – Jan 10,177
,,,Jan 11 – Jan 17,202
,,,Jan 18 – Jan 24,158
,,,Jan 25 – Jan 27,10 or fewer
,≥ 5 and < 18 Years,2025 – 2026,Dec 28 – Jan 3,373
,,2026,Jan 4 – Jan 10,396
,,,Jan 11 – Jan 17,410
,,,Jan 18 – Jan 24,335
,,,Jan 25 – Jan 27,10 or fewer
,≥ 18 and < 50 Years,2025 – 2026,Dec 28 – Jan 3,2017
,,2026,Jan 4 – Jan 10,2061
,,,Jan 11 – Jan 17,2024
,,,Jan 18 – Jan 24,1585
,,,Jan 25 – Jan 27,10 or fewer
,≥ 50 and < 65 Years,2025 – 2026,Dec 28 – Jan 3,1117
,,2026,Jan 4 – Jan 10,1055
,,,Jan 11 – Jan 17,1042
,,,Jan 18 – Jan 24,750
,,,Jan 25 – Jan 27,10 or fewer
,65 Years or more,2025 – 2026,Dec 28 – Jan 3,2099
,,2026,Jan 4 – Jan 10,1993
,,,Jan 11 – Jan 17,1919
,,,Jan 18 – Jan 24,1259
,,,Jan 25 – Jan 27,10 or fewer
,No value,2025 – 2026,Dec 28 – Jan 3,10 or fewer
,,2026,Jan 4 – Jan 10,10 or fewer
,,,Jan 11 – Jan 17,10 or fewer
,,,Jan 18 – Jan 24,10 or fewer
,,,Jan 25 – Jan 27,10 or fewer
,Total,2025 – 2026,Dec 28 – Jan 3,5952
,,2026,Jan 4 – Jan 10,5751
,,,Jan 11 – Jan 17,5702
,,,Jan 18 – Jan 24,4155
,,,Jan 25 – Jan 27,10 or fewer
Nevada,Less than 1 Years,2025 – 2026,Dec 28 – Jan 3,166
,,2026,Jan 4 – Jan 10,135
,,,Jan 11 – Jan 17,121
,,,Jan 18 – Jan 24,97
,,,Jan 25 – Jan 27,10 or fewer
,≥ 1 and < 5 Years,2025 – 2026,Dec 28 – Jan 3,318
,,2026,Jan 4 – Jan 10,242
,,,Jan 11 – Jan 17,273
,,,Jan 18 – Jan 24,216
,,,Jan 25 – Jan 27,10 or fewer
,≥ 5 and < 18 Years,2025 – 2026,Dec 28 – Jan 3,454
,,2026,Jan 4 – Jan 10,467
,,,Jan 11 – Jan 17,540
,,,Jan 18 – Jan 24,472
,,,Jan 25 – Jan 27,10 or fewer
,≥ 18 and < 50 Years,2025 – 2026,Dec 28 – Jan 3,2037
,,2026,Jan 4 – Jan 10,2004
,,,Jan 11 – Jan 17,1970
,,,Jan 18 – Jan 24,1575
,,,Jan 25 – Jan 27,10 or fewer
,≥ 50 and < 65 Years,2025 – 2026,Dec 28 – Jan 3,931
,,2026,Jan 4 – Jan 10,964
,,,Jan 11 – Jan 17,896
,,,Jan 18 – Jan 24,636
,,,Jan 25 – Jan 27,10 or fewer
,65 Years or more,2025 – 2026,Dec 28 – Jan 3,1120
,,2026,Jan 4 – Jan 10,1051
,,,Jan 11 – Jan 17,1070
,,,Jan 18 – Jan 24,636
,,,Jan 25 – Jan 27,10 or fewer
,No value,2025 – 2026,Dec 28 – Jan 3,10 or fewer
,,2026,Jan 4 – Jan 10,10 or fewer
,,,Jan 11 – Jan 17,10 or fewer
,,,Jan 18 – Jan 24,10 or fewer
,,,Jan 25 – Jan 27,10 or fewer
,Total,2025 – 2026,Dec 28 – Jan 3,5026
,,2026,Jan 4 – Jan 10,4863
,,,Jan 11 – Jan 17,4870
,,,Jan 18 – Jan 24,3632
,,,Jan 25 – Jan 27,10 or fewer
Delaware,Less than 1 Years,2025 – 2026,Dec 28 – Jan 3,206
,,2026,Jan 4 – Jan 10,188
,,,Jan 11 – Jan 17,161
,,,Jan 18 – Jan 24,129
,,,Jan 25 – Jan 27,10 or fewer
,≥ 1 and < 5 Years,2025 – 2026,Dec 28 – Jan 3,457
,,2026,Jan 4 – Jan 10,411
,,,Jan 11 – Jan 17,410
,,,Jan 18 – Jan 24,326
,,,Jan 25 – Jan 27,10 or fewer
,≥ 5 and < 18 Years,2025 – 2026,Dec 28 – Jan 3,537
,,2026,Jan 4 – Jan 10,601
,,,Jan 11 – Jan 17,720
,,,Jan 18 – Jan 24,574
,,,Jan 25 – Jan 27,10 or fewer
,≥ 18 and < 50 Years,2025 – 2026,Dec 28 – Jan 3,1661
,,2026,Jan 4 – Jan 10,1651
,,,Jan 11 – Jan 17,1598
,,,Jan 18 – Jan 24,1305
,,,Jan 25 – Jan 27,10 or fewer
,≥ 50 and < 65 Years,2025 – 2026,Dec 28 – Jan 3,662
,,2026,Jan 4 – Jan 10,671
,,,Jan 11 – Jan 17,654
,,,Jan 18 – Jan 24,489
,,,Jan 25 – Jan 27,10 or fewer
,65 Years or more,2025 – 2026,Dec 28 – Jan 3,1269
,,2026,Jan 4 – Jan 10,1141
,,,Jan 11 – Jan 17,1065
,,,Jan 18 – Jan 24,707
,,,Jan 25 – Jan 27,10 or fewer
,No value,2025 – 2026,Dec 28 – Jan 3,10 or fewer
,,2026,Jan 4 – Jan 10,10 or fewer
,,,Jan 11 – Jan 17,10 or fewer
,,,Jan 18 – Jan 24,10 or fewer
,,,Jan 25 – Jan 27,10 or fewer
,Total,2025 – 2026,Dec 28 – Jan 3,4792
,,2026,Jan 4 – Jan 10,4663
,,,Jan 11 – Jan 17,4608
,,,Jan 18 – Jan 24,3530
,,,Jan 25 – Jan 27,10 or fewer
Rhode Island,Less than 1 Years,2025 – 2026,Dec 28 – Jan 3,216
,,2026,Jan 4 – Jan 10,177
,,,Jan 11 – Jan 17,133
,,,Jan 18 – Jan 24,102
,,,Jan 25 – Jan 27,10 or fewer
,≥ 1 and < 5 Years,2025 – 2026,Dec 28 – Jan 3,427
,,2026,Jan 4 – Jan 10,342
,,,Jan 11 – Jan 17,338
,,,Jan 18 – Jan 24,277
,,,Jan 25 – Jan 27,10 or fewer
,≥ 5 and < 18 Years,2025 – 2026,Dec 28 – Jan 3,452
,,2026,Jan 4 – Jan 10,520
,,,Jan 11 – Jan 17,549
,,,Jan 18 – Jan 24,441
,,,Jan 25 – Jan 27,10 or fewer
,≥ 18 and < 50 Years,2025 – 2026,Dec 28 – Jan 3,1410
,,2026,Jan 4 – Jan 10,1328
,,,Jan 11 – Jan 17,1393
,,,Jan 18 – Jan 24,1112
,,,Jan 25 – Jan 27,10 or fewer
,≥ 50 and < 65 Years,2025 – 2026,Dec 28 – Jan 3,817
,,2026,Jan 4 – Jan 10,705
,,,Jan 11 – Jan 17,778
,,,Jan 18 – Jan 24,498
,,,Jan 25 – Jan 27,10 or fewer
,65 Years or more,2025 – 2026,Dec 28 – Jan 3,1446
,,2026,Jan 4 – Jan 10,1396
,,,Jan 11 – Jan 17,1390
,,,Jan 18 – Jan 24,785
,,,Jan 25 – Jan 27,10 or fewer
,No value,2025 – 2026,Dec 28 – Jan 3,10 or fewer
,,2026,Jan 4 – Jan 10,10 or fewer
,,,Jan 11 – Jan 17,10 or fewer
,,,Jan 18 – Jan 24,10 or fewer
,,,Jan 25 – Jan 27,10 or fewer
,Total,2025 – 2026,Dec 28 – Jan 3,4768
,,2026,Jan 4 – Jan 10,4468
,,,Jan 11 – Jan 17,4581
,,,Jan 18 – Jan 24,3215
,,,Jan 25 – Jan 27,10 or fewer
North Dakota,Less than 1 Years,2025 – 2026,Dec 28 – Jan 3,119
,,2026,Jan 4 – Jan 10,76
,,,Jan 11 – Jan 17,81
,,,Jan 18 – Jan 24,62
,,,Jan 25 – Jan 27,10 or fewer
,≥ 1 and < 5 Years,2025 – 2026,Dec 28 – Jan 3,193
,,2026,Jan 4 – Jan 10,158
,,,Jan 11 – Jan 17,156
,,,Jan 18 – Jan 24,124
,,,Jan 25 – Jan 27,10 or fewer
,≥ 5 and < 18 Years,2025 – 2026,Dec 28 – Jan 3,246
,,2026,Jan 4 – Jan 10,281
,,,Jan 11 – Jan 17,247
,,,Jan 18 – Jan 24,185
,,,Jan 25 – Jan 27,10 or fewer
,≥ 18 and < 50 Years,2025 – 2026,Dec 28 – Jan 3,1564
,,2026,Jan 4 – Jan 10,1480
,,,Jan 11 – Jan 17,1368
,,,Jan 18 – Jan 24,1034
,,,Jan 25 – Jan 27,10 or fewer
,≥ 50 and < 65 Years,2025 – 2026,Dec 28 – Jan 3,579
,,2026,Jan 4 – Jan 10,603
,,,Jan 11 – Jan 17,527
,,,Jan 18 – Jan 24,367
,,,Jan 25 – Jan 27,10 or fewer
,65 Years or more,2025 – 2026,Dec 28 – Jan 3,907
,,2026,Jan 4 – Jan 10,888
,,,Jan 11 – Jan 17,854
,,,Jan 18 – Jan 24,522
,,,Jan 25 – Jan 27,10 or fewer
,No value,2025 – 2026,Dec 28 – Jan 3,10 or fewer
,,2026,Jan 4 – Jan 10,10 or fewer
,,,Jan 11 – Jan 17,10 or fewer
,,,Jan 18 – Jan 24,10 or fewer
,,,Jan 25 – Jan 27,10 or fewer
,Total,2025 – 2026,Dec 28 – Jan 3,3608
,,2026,Jan 4 – Jan 10,3486
,,,Jan 11 – Jan 17,3233
,,,Jan 18 – Jan 24,2294
,,,Jan 25 – Jan 27,10 or fewer
Montana,Less than 1 Years,2025 – 2026,Dec 28 – Jan 3,74
,,2026,Jan 4 – Jan 10,50
,,,Jan 11 – Jan 17,60
,,,Jan 18 – Jan 24,50
,,,Jan 25 – Jan 27,10 or fewer
,≥ 1 and < 5 Years,2025 – 2026,Dec 28 – Jan 3,110
,,2026,Jan 4 – Jan 10,104
,,,Jan 11 – Jan 17,97
,,,Jan 18 – Jan 24,107
,,,Jan 25 – Jan 27,10 or fewer
,≥ 5 and < 18 Years,2025 – 2026,Dec 28 – Jan 3,191
,,2026,Jan 4 – Jan 10,213
,,,Jan 11 – Jan 17,249
,,,Jan 18 – Jan 24,192
,,,Jan 25 – Jan 27,10 or fewer
,≥ 18 and < 50 Years,2025 – 2026,Dec 28 – Jan 3,1232
,,2026,Jan 4 – Jan 10,1209
,,,Jan 11 – Jan 17,1251
,,,Jan 18 – Jan 24,931
,,,Jan 25 – Jan 27,10 or fewer
,≥ 50 and < 65 Years,2025 – 2026,Dec 28 – Jan 3,540
,,2026,Jan 4 – Jan 10,535
,,,Jan 11 – Jan 17,555
,,,Jan 18 – Jan 24,348
,,,Jan 25 – Jan 27,10 or fewer
,65 Years or more,2025 – 2026,Dec 28 – Jan 3,953
,,2026,Jan 4 – Jan 10,939
,,,Jan 11 – Jan 17,884
,,,Jan 18 – Jan 24,594
,,,Jan 25 – Jan 27,10 or fewer
,No value,2025 – 2026,Dec 28 – Jan 3,10 or fewer
,,2026,Jan 4 – Jan 10,10 or fewer
,,,Jan 11 – Jan 17,10 or fewer
,,,Jan 18 – Jan 24,10 or fewer
,,,Jan 25 – Jan 27,10 or fewer
,Total,2025 – 2026,Dec 28 – Jan 3,3100
,,2026,Jan 4 – Jan 10,3050
,,,Jan 11 – Jan 17,3096
,,,Jan 18 – Jan 24,2222
,,,Jan 25 – Jan 27,15
Vermont,Less than 1 Years,2025 – 2026,Dec 28 – Jan 3,42
,,2026,Jan 4 – Jan 10,35
,,,Jan 11 – Jan 17,19
,,,Jan 18 – Jan 24,20
,,,Jan 25 – Jan 27,10 or fewer
,≥ 1 and < 5 Years,2025 – 2026,Dec 28 – Jan 3,85
,,2026,Jan 4 – Jan 10,65
,,,Jan 11 – Jan 17,73
,,,Jan 18 – Jan 24,67
,,,Jan 25 – Jan 27,10 or fewer
,≥ 5 and < 18 Years,2025 – 2026,Dec 28 – Jan 3,175
,,2026,Jan 4 – Jan 10,199
,,,Jan 11 – Jan 17,214
,,,Jan 18 – Jan 24,156
,,,Jan 25 – Jan 27,10 or fewer
,≥ 18 and < 50 Years,2025 – 2026,Dec 28 – Jan 3,870
,,2026,Jan 4 – Jan 10,904
,,,Jan 11 – Jan 17,941
,,,Jan 18 – Jan 24,681
,,,Jan 25 – Jan 27,10 or fewer
,≥ 50 and < 65 Years,2025 – 2026,Dec 28 – Jan 3,478
,,2026,Jan 4 – Jan 10,445
,,,Jan 11 – Jan 17,469
,,,Jan 18 – Jan 24,345
,,,Jan 25 – Jan 27,10 or fewer
,65 Years or more,2025 – 2026,Dec 28 – Jan 3,905
,,2026,Jan 4 – Jan 10,924
,,,Jan 11 – Jan 17,794
,,,Jan 18 – Jan 24,570
,,,Jan 25 – Jan 27,10 or fewer
,No value,2025 – 2026,Dec 28 – Jan 3,10 or fewer
,,2026,Jan 4 – Jan 10,10 or fewer
,,,Jan 11 – Jan 17,10 or fewer
,,,Jan 18 – Jan 24,10 or fewer
,,,Jan 25 – Jan 27,10 or fewer
,Total,2025 – 2026,Dec 28 – Jan 3,2555
,,2026,Jan 4 – Jan 10,2572
,,,Jan 11 – Jan 17,2510
,,,Jan 18 – Jan 24,1839
,,,Jan 25 – Jan 27,10 or fewer
New Hampshire,Less than 1 Years,2025 – 2026,Dec 28 – Jan 3,48
,,2026,Jan 4 – Jan 10,31
,,,Jan 11 – Jan 17,46
,,,Jan 18 – Jan 24,29
,,,Jan 25 – Jan 27,10 or fewer
,≥ 1 and < 5 Years,2025 – 2026,Dec 28 – Jan 3,89
,,2026,Jan 4 – Jan 10,80
,,,Jan 11 – Jan 17,95
,,,Jan 18 – Jan 24,59
,,,Jan 25 – Jan 27,10 or fewer
,≥ 5 and < 18 Years,2025 – 2026,Dec 28 – Jan 3,156
,,2026,Jan 4 – Jan 10,160
,,,Jan 11 – Jan 17,187
,,,Jan 18 – Jan 24,147
,,,Jan 25 – Jan 27,10 or fewer
,≥ 18 and < 50 Years,2025 – 2026,Dec 28 – Jan 3,816
,,2026,Jan 4 – Jan 10,743
,,,Jan 11 – Jan 17,783
,,,Jan 18 – Jan 24,571
,,,Jan 25 – Jan 27,10 or fewer
,≥ 50 and < 65 Years,2025 – 2026,Dec 28 – Jan 3,495
,,2026,Jan 4 – Jan 10,485
,,,Jan 11 – Jan 17,463
,,,Jan 18 – Jan 24,311
,,,Jan 25 – Jan 27,10 or fewer
,65 Years or more,2025 – 2026,Dec 28 – Jan 3,1052
,,2026,Jan 4 – Jan 10,989
,,,Jan 11 – Jan 17,920
,,,Jan 18 – Jan 24,629
,,,Jan 25 – Jan 27,10 or fewer
,No value,2025 – 2026,Dec 28 – Jan 3,10 or fewer
,,2026,Jan 4 – Jan 10,10 or fewer
,,,Jan 11 – Jan 17,10 or fewer
,,,Jan 18 – Jan 24,10 or fewer
,,,Jan 25 – Jan 27,10 or fewer
,Total,2025 – 2026,Dec 28 – Jan 3,2656
,,2026,Jan 4 – Jan 10,2488
,,,Jan 11 – Jan 17,2494
,,,Jan 18 – Jan 24,1746
,,,Jan 25 – Jan 27,10 or fewer
New Mexico,Less than 1 Years,2025 – 2026,Dec 28 – Jan 3,28
,,2026,Jan 4 – Jan 10,18
,,,Jan 11 – Jan 17,21
,,,Jan 18 – Jan 24,16
,,,Jan 25 – Jan 27,10 or fewer
,≥ 1 and < 5 Years,2025 – 2026,Dec 28 – Jan 3,67
,,2026,Jan 4 – Jan 10,46
,,,Jan 11 – Jan 17,45
,,,Jan 18 – Jan 24,37
,,,Jan 25 – Jan 27,10 or fewer
,≥ 5 and < 18 Years,2025 – 2026,Dec 28 – Jan 3,115
,,2026,Jan 4 – Jan 10,91
,,,Jan 11 – Jan 17,104
,,,Jan 18 – Jan 24,108
,,,Jan 25 – Jan 27,10 or fewer
,≥ 18 and < 50 Years,2025 – 2026,Dec 28 – Jan 3,882
,,2026,Jan 4 – Jan 10,843
,,,Jan 11 – Jan 17,770
,,,Jan 18 – Jan 24,658
,,,Jan 25 – Jan 27,10 or fewer
,≥ 50 and < 65 Years,2025 – 2026,Dec 28 – Jan 3,381
,,2026,Jan 4 – Jan 10,361
,,,Jan 11 – Jan 17,348
,,,Jan 18 – Jan 24,266
,,,Jan 25 – Jan 27,10 or fewer
,65 Years or more,2025 – 2026,Dec 28 – Jan 3,624
,,2026,Jan 4 – Jan 10,572
,,,Jan 11 – Jan 17,549
,,,Jan 18 – Jan 24,412
,,,Jan 25 – Jan 27,10 or fewer
,No value,2025 – 2026,Dec 28 – Jan 3,10 or fewer
,,2026,Jan 4 – Jan 10,10 or fewer
,,,Jan 11 – Jan 17,10 or fewer
,,,Jan 18 – Jan 24,10 or fewer
,,,Jan 25 – Jan 27,10 or fewer
,Total,2025 – 2026,Dec 28 – Jan 3,2097
,,2026,Jan 4 – Jan 10,1931
,,,Jan 11 – Jan 17,1837
,,,Jan 18 – Jan 24,1497
,,,Jan 25 – Jan 27,10 or fewer
South Dakota,Less than 1 Years,2025 – 2026,Dec 28 – Jan 3,74
,,2026,Jan 4 – Jan 10,62
,,,Jan 11 – Jan 17,54
,,,Jan 18 – Jan 24,52
,,,Jan 25 – Jan 27,10 or fewer
,≥ 1 and < 5 Years,2025 – 2026,Dec 28 – Jan 3,102
,,2026,Jan 4 – Jan 10,86
,,,Jan 11 – Jan 17,111
,,,Jan 18 – Jan 24,92
,,,Jan 25 – Jan 27,10 or fewer
,≥ 5 and < 18 Years,2025 – 2026,Dec 28 – Jan 3,136
,,2026,Jan 4 – Jan 10,150
,,,Jan 11 – Jan 17,155
,,,Jan 18 – Jan 24,155
,,,Jan 25 – Jan 27,10 or fewer
,≥ 18 and < 50 Years,2025 – 2026,Dec 28 – Jan 3,688
,,2026,Jan 4 – Jan 10,679
,,,Jan 11 – Jan 17,662
,,,Jan 18 – Jan 24,446
,,,Jan 25 – Jan 27,10 or fewer
,≥ 50 and < 65 Years,2025 – 2026,Dec 28 – Jan 3,280
,,2026,Jan 4 – Jan 10,312
,,,Jan 11 – Jan 17,294
,,,Jan 18 – Jan 24,189
,,,Jan 25 – Jan 27,10 or fewer
,65 Years or more,2025 – 2026,Dec 28 – Jan 3,497
,,2026,Jan 4 – Jan 10,520
,,,Jan 11 – Jan 17,487
,,,Jan 18 – Jan 24,313
,,,Jan 25 – Jan 27,10 or fewer
,No value,2025 – 2026,Dec 28 – Jan 3,10 or fewer
,,2026,Jan 4 – Jan 10,10 or fewer
,,,Jan 11 – Jan 17,10 or fewer
,,,Jan 18 – Jan 24,10 or fewer
,,,Jan 25 – Jan 27,10 or fewer
,Total,2025 – 2026,Dec 28 – Jan 3,1777
,,2026,Jan 4 – Jan 10,1809
,,,Jan 11 – Jan 17,1763
,,,Jan 18 – Jan 24,1247
,,,Jan 25 – Jan 27,10 or fewer
Wyoming,Less than 1 Years,2025 – 2026,Dec 28 – Jan 3,40
,,2026,Jan 4 – Jan 10,34
,,,Jan 11 – Jan 17,41
,,,Jan 18 – Jan 24,37
,,,Jan 25 – Jan 27,10 or fewer
,≥ 1 and < 5 Years,2025 – 2026,Dec 28 – Jan 3,71
,,2026,Jan 4 – Jan 10,70
,,,Jan 11 – Jan 17,74
,,,Jan 18 – Jan 24,55
,,,Jan 25 – Jan 27,10 or fewer
,≥ 5 and < 18 Years,2025 – 2026,Dec 28 – Jan 3,144
,,2026,Jan 4 – Jan 10,163
,,,Jan 11 – Jan 17,165
,,,Jan 18 – Jan 24,118
,,,Jan 25 – Jan 27,10 or fewer
,≥ 18 and < 50 Years,2025 – 2026,Dec 28 – Jan 3,696
,,2026,Jan 4 – Jan 10,662
,,,Jan 11 – Jan 17,657
,,,Jan 18 – Jan 24,497
,,,Jan 25 – Jan 27,10 or fewer
,≥ 50 and < 65 Years,2025 – 2026,Dec 28 – Jan 3,267
,,2026,Jan 4 – Jan 10,264
,,,Jan 11 – Jan 17,245
,,,Jan 18 – Jan 24,194
,,,Jan 25 – Jan 27,10 or fewer
,65 Years or more,2025 – 2026,Dec 28 – Jan 3,532
,,2026,Jan 4 – Jan 10,543
,,,Jan 11 – Jan 17,458
,,,Jan 18 – Jan 24,308
,,,Jan 25 – Jan 27,10 or fewer
,No value,2025 – 2026,Dec 28 – Jan 3,10 or fewer
,,2026,Jan 4 – Jan 10,10 or fewer
,,,Jan 11 – Jan 17,10 or fewer
,,,Jan 18 – Jan 24,10 or fewer
,,,Jan 25 – Jan 27,10 or fewer
,Total,2025 – 2026,Dec 28 – Jan 3,1750
,,2026,Jan 4 – Jan 10,1736
,,,Jan 11 – Jan 17,1640
,,,Jan 18 – Jan 24,1209
,,,Jan 25 – Jan 27,10 or fewer
District of Columbia,Less than 1 Years,2025 – 2026,Dec 28 – Jan 3,10 or fewer
,,2026,Jan 4 – Jan 10,10 or fewer
,,,Jan 11 – Jan 17,10 or fewer
,,,Jan 18 – Jan 24,10 or fewer
,,,Jan 25 – Jan 27,10 or fewer
,≥ 1 and < 5 Years,2025 – 2026,Dec 28 – Jan 3,22
,,2026,Jan 4 – Jan 10,10 or fewer
,,,Jan 11 – Jan 17,23
,,,Jan 18 – Jan 24,15
,,,Jan 25 – Jan 27,10 or fewer
,≥ 5 and < 18 Years,2025 – 2026,Dec 28 – Jan 3,41
,,2026,Jan 4 – Jan 10,25
,,,Jan 11 – Jan 17,31
,,,Jan 18 – Jan 24,22
,,,Jan 25 – Jan 27,10 or fewer
,≥ 18 and < 50 Years,2025 – 2026,Dec 28 – Jan 3,318
,,2026,Jan 4 – Jan 10,297
,,,Jan 11 – Jan 17,257
,,,Jan 18 – Jan 24,232
,,,Jan 25 – Jan 27,10 or fewer
,≥ 50 and < 65 Years,2025 – 2026,Dec 28 – Jan 3,99
,,2026,Jan 4 – Jan 10,102
,,,Jan 11 – Jan 17,70
,,,Jan 18 – Jan 24,67
,,,Jan 25 – Jan 27,10 or fewer
,65 Years or more,2025 – 2026,Dec 28 – Jan 3,67
,,2026,Jan 4 – Jan 10,76
,,,Jan 11 – Jan 17,70
,,,Jan 18 – Jan 24,34
,,,Jan 25 – Jan 27,10 or fewer
,No value,2025 – 2026,Dec 28 – Jan 3,10 or fewer
,,2026,Jan 4 – Jan 10,10 or fewer
,,,Jan 11 – Jan 17,10 or fewer
,,,Jan 18 – Jan 24,10 or fewer
,,,Jan 25 – Jan 27,10 or fewer
,Total,2025 – 2026,Dec 28 – Jan 3,556
,,2026,Jan 4 – Jan 10,514
,,,Jan 11 – Jan 17,457
,,,Jan 18 – Jan 24,373
,,,Jan 25 – Jan 27,10 or fewer
Alaska,Less than 1 Years,2025 – 2026,Dec 28 – Jan 3,10 or fewer
,,2026,Jan 4 – Jan 10,10 or fewer
,,,Jan 11 – Jan 17,10 or fewer
,,,Jan 18 – Jan 24,10 or fewer
,,,Jan 25 – Jan 27,10 or fewer
,≥ 1 and < 5 Years,2025 – 2026,Dec 28 – Jan 3,10 or fewer
,,2026,Jan 4 – Jan 10,10 or fewer
,,,Jan 11 – Jan 17,10 or fewer
,,,Jan 18 – Jan 24,10 or fewer
,,,Jan 25 – Jan 27,10 or fewer
,≥ 5 and < 18 Years,2025 – 2026,Dec 28 – Jan 3,10 or fewer
,,2026,Jan 4 – Jan 10,10 or fewer
,,,Jan 11 – Jan 17,10 or fewer
,,,Jan 18 – Jan 24,10 or fewer
,,,Jan 25 – Jan 27,10 or fewer
,≥ 18 and < 50 Years,2025 – 2026,Dec 28 – Jan 3,40
,,2026,Jan 4 – Jan 10,24
,,,Jan 11 – Jan 17,34
,,,Jan 18 – Jan 24,17
,,,Jan 25 – Jan 27,10 or fewer
,≥ 50 and < 65 Years,2025 – 2026,Dec 28 – Jan 3,12
,,2026,Jan 4 – Jan 10,10 or fewer
,,,Jan 11 – Jan 17,11
,,,Jan 18 – Jan 24,10 or fewer
,,,Jan 25 – Jan 27,10 or fewer
,65 Years or more,2025 – 2026,Dec 28 – Jan 3,29
,,2026,Jan 4 – Jan 10,20
,,,Jan 11 – Jan 17,26
,,,Jan 18 – Jan 24,24
,,,Jan 25 – Jan 27,10 or fewer
,No value,2025 – 2026,Dec 28 – Jan 3,10 or fewer
,,2026,Jan 4 – Jan 10,10 or fewer
,,,Jan 11 – Jan 17,10 or fewer
,,,Jan 18 – Jan 24,10 or fewer
,,,Jan 25 – Jan 27,10 or fewer
,Total,2025 – 2026,Dec 28 – Jan 3,100
,,2026,Jan 4 – Jan 10,61
,,,Jan 11 – Jan 17,77
,,,Jan 18 – Jan 24,54
,,,Jan 25 – Jan 27,10 or fewer
Puerto Rico,Less than 1 Years,2025 – 2026,Dec 28 – Jan 3,10 or fewer
,,2026,Jan 4 – Jan 10,10 or fewer
,,,Jan 11 – Jan 17,10 or fewer
,,,Jan 18 – Jan 24,10 or fewer
,,,Jan 25 – Jan 27,10 or fewer
,≥ 1 and < 5 Years,2025 – 2026,Dec 28 – Jan 3,10 or fewer
,,2026,Jan 4 – Jan 10,10 or fewer
,,,Jan 11 – Jan 17,10 or fewer
,,,Jan 18 – Jan 24,10 or fewer
,,,Jan 25 – Jan 27,10 or fewer
,≥ 5 and < 18 Years,2025 – 2026,Dec 28 – Jan 3,11
,,2026,Jan 4 – Jan 10,10 or fewer
,,,Jan 11 – Jan 17,10 or fewer
,,,Jan 18 – Jan 24,10 or fewer
,,,Jan 25 – Jan 27,10 or fewer
,≥ 18 and < 50 Years,2025 – 2026,Dec 28 – Jan 3,33
,,2026,Jan 4 – Jan 10,29
,,,Jan 11 – Jan 17,27
,,,Jan 18 – Jan 24,14
,,,Jan 25 – Jan 27,10 or fewer
,≥ 50 and < 65 Years,2025 – 2026,Dec 28 – Jan 3,28
,,2026,Jan 4 – Jan 10,13
,,,Jan 11 – Jan 17,10 or fewer
,,,Jan 18 – Jan 24,10 or fewer
,,,Jan 25 – Jan 27,10 or fewer
,65 Years or more,2025 – 2026,Dec 28 – Jan 3,79
,,2026,Jan 4 – Jan 10,36
,,,Jan 11 – Jan 17,24
,,,Jan 18 – Jan 24,19
,,,Jan 25 – Jan 27,10 or fewer
,No value,2025 – 2026,Dec 28 – Jan 3,10 or fewer
,,2026,Jan 4 – Jan 10,10 or fewer
,,,Jan 11 – Jan 17,10 or fewer
,,,Jan 18 – Jan 24,10 or fewer
,,,Jan 25 – Jan 27,10 or fewer
,Total,2025 – 2026,Dec 28 – Jan 3,164
,,2026,Jan 4 – Jan 10,86
,,,Jan 11 – Jan 17,58
,,,Jan 18 – Jan 24,40
,,,Jan 25 – Jan 27,10 or fewer
Virgin Islands,Less than 1 Years,2025 – 2026,Dec 28 – Jan 3,10 or fewer
,,2026,Jan 4 – Jan 10,10 or fewer
,,,Jan 11 – Jan 17,10 or fewer
,,,Jan 18 – Jan 24,10 or fewer
,,,Jan 25 – Jan 27,10 or fewer
,≥ 1 and < 5 Years,2025 – 2026,Dec 28 – Jan 3,10 or fewer
,,2026,Jan 4 – Jan 10,10 or fewer
,,,Jan 11 – Jan 17,10 or fewer
,,,Jan 18 – Jan 24,10 or fewer
,,,Jan 25 – Jan 27,10 or fewer
,≥ 5 and < 18 Years,2025 – 2026,Dec 28 – Jan 3,10 or fewer
,,2026,Jan 4 – Jan 10,10 or fewer
,,,Jan 11 – Jan 17,10 or fewer
,,,Jan 18 – Jan 24,10 or fewer
,,,Jan 25 – Jan 27,10 or fewer
,≥ 18 and < 50 Years,2025 – 2026,Dec 28 – Jan 3,10 or fewer
,,2026,Jan 4 – Jan 10,10 or fewer
,,,Jan 11 – Jan 17,10 or fewer
,,,Jan 18 – Jan 24,10 or fewer
,,,Jan 25 – Jan 27,10 or fewer
,≥ 50 and < 65 Years,2025 – 2026,Dec 28 – Jan 3,10 or fewer
,,2026,Jan 4 – Jan 10,10 or fewer
,,,Jan 11 – Jan 17,10 or fewer
,,,Jan 18 – Jan 24,10 or fewer
,,,Jan 25 – Jan 27,10 or fewer
,65 Years or more,2025 – 2026,Dec 28 – Jan 3,10 or fewer
,,2026,Jan 4 – Jan 10,11
,,,Jan 11 – Jan 17,10 or fewer
,,,Jan 18 – Jan 24,10 or fewer
,,,Jan 25 – Jan 27,10 or fewer
,No value,2025 – 2026,Dec 28 – Jan 3,10 or fewer
,,2026,Jan 4 – Jan 10,10 or fewer
,,,Jan 11 – Jan 17,10 or fewer
,,,Jan 18 – Jan 24,10 or fewer
,,,Jan 25 – Jan 27,10 or fewer
,Total,2025 – 2026,Dec 28 – Jan 3,24
,,2026,Jan 4 – Jan 10,16
,,,Jan 11 – Jan 17,19
,,,Jan 18 – Jan 24,13
,,,Jan 25 – Jan 27,10 or fewer
None of the above,Less than 1 Years,2025 – 2026,Dec 28 – Jan 3,49
,,2026,Jan 4 – Jan 10,24
,,,Jan 11 – Jan 17,22
,,,Jan 18 – Jan 24,33
,,,Jan 25 – Jan 27,10 or fewer
,≥ 1 and < 5 Years,2025 – 2026,Dec 28 – Jan 3,47
,,2026,Jan 4 – Jan 10,38
,,,Jan 11 – Jan 17,29
,,,Jan 18 – Jan 24,35
,,,Jan 25 – Jan 27,10 or fewer
,≥ 5 and < 18 Years,2025 – 2026,Dec 28 – Jan 3,58
,,2026,Jan 4 – Jan 10,65
,,,Jan 11 – Jan 17,56
,,,Jan 18 – Jan 24,55
,,,Jan 25 – Jan 27,10 or fewer
,≥ 18 and < 50 Years,2025 – 2026,Dec 28 – Jan 3,445
,,2026,Jan 4 – Jan 10,397
,,,Jan 11 – Jan 17,351
,,,Jan 18 – Jan 24,321
,,,Jan 25 – Jan 27,10 or fewer
,≥ 50 and < 65 Years,2025 – 2026,Dec 28 – Jan 3,89
,,2026,Jan 4 – Jan 10,83
,,,Jan 11 – Jan 17,91
,,,Jan 18 – Jan 24,94
,,,Jan 25 – Jan 27,10 or fewer
,65 Years or more,2025 – 2026,Dec 28 – Jan 3,146
,,2026,Jan 4 – Jan 10,131
,,,Jan 11 – Jan 17,163
,,,Jan 18 – Jan 24,98
,,,Jan 25 – Jan 27,10 or fewer
,No value,2025 – 2026,Dec 28 – Jan 3,10 or fewer
,,2026,Jan 4 – Jan 10,10 or fewer
,,,Jan 11 – Jan 17,10 or fewer
,,,Jan 18 – Jan 24,10 or fewer
,,,Jan 25 – Jan 27,10 or fewer
,Total,2025 – 2026,Dec 28 – Jan 3,835
,,2026,Jan 4 – Jan 10,738
,,,Jan 11 – Jan 17,712
,,,Jan 18 – Jan 24,636
,,,Jan 25 – Jan 27,10 or fewer
Total,Less than 1 Years,2025 – 2026,Dec 28 – Jan 3,34972
,,2026,Jan 4 – Jan 10,27357
,,,Jan 11 – Jan 17,24817
,,,Jan 18 – Jan 24,20302
,,,Jan 25 – Jan 27,76
,≥ 1 and < 5 Years,2025 – 2026,Dec 28 – Jan 3,72466
,,2026,Jan 4 – Jan 10,58446
,,,Jan 11 – Jan 17,58256
,,,Jan 18 – Jan 24,49625
,,,Jan 25 – Jan 27,183
,≥ 5 and < 18 Years,2025 – 2026,Dec 28 – Jan 3,94437
,,2026,Jan 4 – Jan 10,107990
,,,Jan 11 – Jan 17,115553
,,,Jan 18 – Jan 24,94717
,,,Jan 25 – Jan 27,284
,≥ 18 and < 50 Years,2025 – 2026,Dec 28 – Jan 3,478360
,,2026,Jan 4 – Jan 10,478220
,,,Jan 11 – Jan 17,447213
,,,Jan 18 – Jan 24,349187
,,,Jan 25 – Jan 27,1332
,≥ 50 and < 65 Years,2025 – 2026,Dec 28 – Jan 3,203880
,,2026,Jan 4 – Jan 10,206941
,,,Jan 11 – Jan 17,193054
,,,Jan 18 – Jan 24,138150
,,,Jan 25 – Jan 27,494
,65 Years or more,2025 – 2026,Dec 28 – Jan 3,328595
,,2026,Jan 4 – Jan 10,322083
,,,Jan 11 – Jan 17,296055
,,,Jan 18 – Jan 24,191142
,,,Jan 25 – Jan 27,1123
,No value,2025 – 2026,Dec 28 – Jan 3,10 or fewer
,,2026,Jan 4 – Jan 10,10 or fewer
,,,Jan 11 – Jan 17,10 or fewer
,,,Jan 18 – Jan 24,10 or fewer
,,,Jan 25 – Jan 27,10 or fewer
,Total,2025 – 2026,Dec 28 – Jan 3,1212711
,,2026,Jan 4 – Jan 10,1201037
,,,Jan 11 – Jan 17,1134948
,,,Jan 18 – Jan 24,843123
,,,Jan 25 – Jan 27,3492
