Session Title,DM in ICD10 and HbA1c 6.5+ by County Age 2023,,,
Session ID,2776085,,,
Data Model,Patients,,,
Population Base,All Patients,,,
Population Criteria Filters: These criteria are a summary and do not fully reflect the content of the exported session.,State of Residence (U.S.): States AL-DE,Has Any Encounters?,Base Patient,
Session Date Range,1/1/2023 - 12/31/2023,,,
Export User,Stephanie Perniciaro,,,
Date of Export,11/12/2025,,,
,,,,
,,,,
,Measures,A1c 6.5+ (%),DM (%),Number of Patients
Age at Encounter in Years,County of Residence,,,
Less than 18 Years,"KUSILVAK, AK",-,-,10 or fewer
,"DILLINGHAM, AK",-,-,10 or fewer
,"GREENE, AL",-,-,158
,"WALKER, AL",-,-,86
,"ALEUTIANS WEST, AK",-,-,10 or fewer
,"CHOCTAW, AL",-,-,1030
,"SUMTER, AL",-,-,773
,"JACKSON, AR",-,-,565
,"WINSTON, AL",-,-,55
,"MARENGO, AL",-,-,120
,"MARION, AL",-,-,1266
,"KENT, DE",0.63%,0.75%,23750
,"APACHE, AZ",-,-,37
,"MOBILE, AL",0.11%,0.33%,10736
,"HALE, AL",-,-,167
,"WASHINGTON, AL",-,-,268
,"DEL NORTE, CA",-,-,1962
,"FAYETTE, AL",-,-,49
,"CLARKE, AL",-,-,166
,"MONROE, AR",-,-,636
,"LOGAN, CO",-,-,516
,"POINSETT, AR",-,-,2372
,"TUSCALOOSA, AL",-,0.61%,2479
,"OUACHITA, AR",0.57%,0.66%,2284
,"COFFEE, AL",-,-,4317
,"MISSISSIPPI, AR",-,-,1443
,"MODOC, CA",-,-,48
,"SUSSEX, DE",0.55%,0.71%,25092
,"ARKANSAS, AR",0.64%,1.09%,2666
,"PHILLIPS, AR",-,-,510
,"MILLER, AR",2.37%,2.82%,1562
,"SAINT FRANCIS, AR",-,-,473
,"SCOTT, AR",-,-,524
,"LOGAN, AR",1.21%,1.31%,995
,"PICKENS, AL",-,-,570
,"WILCOX, AL",-,-,25
,"SHARP, AR",-,-,497
,"PRAIRIE, AR",-,-,781
,"LAFAYETTE, AR",-,-,157
,"SKAGWAY, AK",-,-,10 or fewer
,"GRAHAM, AZ",-,-,164
,"JEFFERSON, AR",0.66%,0.72%,7092
,"COLUMBIA, AR",-,-,970
,"SEBASTIAN, AR",0.77%,0.90%,11494
,"JOHNSON, AR",1.12%,1.36%,1248
,"BIBB, AL",-,-,35
,"LA PAZ, AZ",-,-,49
,"FRANKLIN, AL",-,-,167
,"LAWRENCE, AR",-,-,707
,"DALLAS, AR",-,-,415
,"COCHISE, AZ",2.85%,2.92%,1438
,"PERRY, AL",-,-,10 or fewer
,"CRAIGHEAD, AR",0.42%,0.61%,11750
,"BUTLER, AL",-,-,37
,"LAMAR, AL",-,-,571
,"NEVADA, AR",-,-,552
,"MONROE, AL",-,-,240
,"CLARK, AR",0.58%,0.84%,1913
,"INDEPENDENCE, AR",1.41%,1.79%,1344
,"CALHOUN, AR",-,-,250
,"PIMA, AZ",0.49%,0.62%,69893
,"SANTA BARBARA, CA",0.16%,0.54%,7977
,"CHAMBERS, AL",-,-,227
,"KODIAK ISLAND, AK",-,-,1288
,"CLAY, AR",-,-,576
,"COLBERT, AL",-,-,51
,"NAVAJO, AZ",-,-,69
,"LAUDERDALE, AL",-,-,29
,"CONECUH, AL",-,-,254
,"CRAWFORD, AR",0.59%,0.75%,6933
,"SAN FRANCISCO, CA",0.19%,0.29%,34775
,"FULTON, AR",-,-,234
,"SIERRA, CA",-,-,69
,"CRITTENDEN, AR",-,-,3582
,"PERRY, AR",-,-,809
,"ALPINE, CA",-,-,10 or fewer
,"LEE, AR",-,-,180
,"IMPERIAL, CA",-,-,312
,"RANDOLPH, AL",-,-,178
,"GREENE, AR",-,0.43%,2776
,"JACKSON, AL",-,-,316
,"WASHINGTON, CO",-,-,132
,"GENEVA, AL",-,-,933
,"COVINGTON, AL",-,-,292
,"SANTA CRUZ, AZ",-,-,662
,"FRANKLIN, AR",-,-,991
,"PIKE, AL",-,-,69
,"MONTEREY, CA",0.45%,0.58%,46632
,"CLEBURNE, AR",0.74%,0.88%,2164
,"JACKSON, CO",-,-,56
,"LASSEN, CA",-,-,495
,"GREENLEE, AZ",-,-,41
,"LAWRENCE, AL",-,-,10 or fewer
,"SEDGWICK, CO",-,-,63
,"HOUSTON, AL",-,0.51%,3162
,"DALE, AL",-,-,1080
,"GILA, AZ",-,-,127
,"BALDWIN, AL",0.26%,0.57%,11718
,"SOUTHEAST FAIRBANKS, AK",-,-,10 or fewer
,"ALAMEDA, CA",0.13%,0.31%,92942
,"DALLAS, AL",-,-,12
,"LOWNDES, AL",-,-,10 or fewer
,"PLUMAS, CA",-,-,217
,"CROSS, AR",-,-,1116
,"IZARD, AR",-,-,290
,"CROWLEY, CO",-,-,115
,"ESCAMBIA, AL",0.89%,1.03%,1355
,"MIDDLESEX, CT",0.30%,0.39%,16931
,"MORGAN, AL",-,-,51
,"MOHAVE, AZ",-,-,171
,"HUMBOLDT, CA",0.18%,0.23%,14504
,"AUTAUGA, AL",-,-,49
,"BARBOUR, AL",-,-,203
,"CONTRA COSTA, CA",0.19%,0.36%,77711
,"PHILLIPS, CO",-,-,128
,"MARICOPA, AZ",0.09%,0.21%,81767
,"LONOKE, AR",0.61%,0.77%,7559
,"TRINITY, CA",-,-,100
,"WHITE, AR",1.37%,1.52%,3808
,"COSTILLA, CO",-,-,70
,"MADISON, AL",-,4.58%,262
,"YUMA, AZ",-,-,119
,"SAN JUAN, CO",-,-,10 or fewer
,"LITTLE RIVER, AR",-,-,338
,"SAN BERNARDINO, CA",0.79%,1.16%,74659
,"MOFFAT, CO",-,0.55%,1993
,"HOT SPRING, AR",0.60%,0.97%,2170
,"SALINE, AR",0.69%,0.83%,9888
,"HEMPSTEAD, AR",1.66%,1.81%,664
,"KERN, CA",0.38%,1.02%,48129
,"SOLANO, CA",0.18%,0.43%,10376
,"HENRY, AL",-,-,308
,"CRENSHAW, AL",-,-,62
,"INYO, CA",-,-,88
,"MESA, CO",0.59%,0.81%,7433
,"PULASKI, AR",0.50%,0.63%,47756
,"OTERO, CO",1.64%,1.64%,669
,"MONTGOMERY, AL",-,-,121
,"VAN BUREN, AR",1.60%,1.75%,686
,"TALLAPOOSA, AL",-,-,11
,"NORTH SLOPE, AK",-,-,10 or fewer
,"RANDOLPH, AR",-,-,535
,"BACA, CO",-,-,90
,"MORGAN, CO",-,-,1187
,"ELMORE, AL",-,-,49
,"PUEBLO, CO",0.83%,1.09%,9641
,"NEW LONDON, CT",0.38%,0.52%,22130
,"LINCOLN, CO",-,-,186
,"PROWERS, CO",-,-,408
,"WOODRUFF, AR",-,-,215
,"WELD, CO",0.28%,0.51%,46200
,"HUERFANO, CO",-,-,160
,"RIO GRANDE, CO",-,3.56%,337
,"DESHA, AR",-,-,433
,"BENT, CO",-,-,115
,"RIO BLANCO, CO",-,-,145
,"LIMESTONE, AL",-,-,68
,"NEW HAVEN, CT",0.48%,0.65%,31024
,"WINDHAM, CT",0.50%,0.63%,11921
,"FRESNO, CA",0.32%,0.69%,114901
,"CHEROKEE, AL",-,-,170
,"SAN DIEGO, CA",0.05%,0.20%,108898
,"PIKE, AR",-,-,395
,"FAIRFIELD, CT",0.36%,0.53%,27453
,"TELLER, CO",0.76%,0.81%,1847
,"SISKIYOU, CA",-,-,196
,"CLEVELAND, AR",-,-,564
,"MATANUSKA SUSITNA, AK",-,-,76
,"LAS ANIMAS, CO",-,-,360
,"LINCOLN, AR",-,-,434
,"FREMONT, CO",1.76%,2.03%,1134
,"GRANT, AR",0.80%,1.09%,1374
,"MINERAL, CO",-,-,20
,"SANTA CRUZ, CA",1.22%,1.59%,8105
,"PETERSBURG, AK",-,-,10 or fewer
,"WRANGELL, AK",-,-,10 or fewer
,"SAN BENITO, CA",1.12%,1.34%,2318
,"MARION, AR",-,-,226
,"KIOWA, CO",-,-,49
,"DENVER, CO",0.22%,0.38%,82831
,"STONE, AR",-,-,269
,"LARIMER, CO",0.24%,0.43%,41305
,"SHASTA, CA",-,-,729
,"LAKE, CA",-,-,1857
,"CHILTON, AL",-,-,20
,"RIVERSIDE, CA",0.56%,0.84%,93302
,"KENAI PENINSULA, AK",-,-,36
,"HOWARD, AR",-,-,380
,"YELL, AR",-,2.46%,610
,"SONOMA, CA",0.13%,0.30%,25741
,"ADAMS, CO",0.33%,0.52%,52910
,"CHICOT, AR",-,-,282
,"HARTFORD, CT",0.46%,0.55%,103786
,"SHELBY, AL",-,-,154
,"PARK, CO",-,-,489
,"CONEJOS, CO",-,-,177
,"LITCHFIELD, CT",0.67%,0.80%,11385
,"SANTA CLARA, CA",0.43%,0.53%,86048
,"MENDOCINO, CA",-,0.37%,6512
,"MONTEZUMA, CO",-,-,266
,"JEFFERSON, AL",-,-,461
,"ASHLEY, AR",1.94%,2.12%,567
,"FAULKNER, AR",0.91%,1.08%,9331
,"BETHEL, AK",-,-,10 or fewer
,"FAIRBANKS NORTH STAR, AK",-,-,59
,"ARAPAHOE, CO",0.31%,0.51%,65812
,"UNION, AR",1.01%,1.26%,1194
,"YUMA, CO",-,-,280
,"RUSSELL, AL",-,-,247
,"ALAMOSA, CO",-,-,366
,"NORTHWEST ARCTIC, AK",-,-,10 or fewer
,"CONWAY, AR",1.19%,1.37%,1091
,"BRADLEY, AR",2.38%,3.03%,462
,"BROOMFIELD, CO",0.39%,0.59%,6129
,"PINAL, AZ",-,0.19%,9725
,"CHEYENNE, CO",-,-,58
,"YAVAPAI, AZ",-,-,567
,"SAINT CLAIR, AL",-,-,76
,"MARIN, CA",-,0.24%,14734
,"MONO, CA",-,-,67
,"KIT CARSON, CO",-,-,242
,"LEE, AL",-,-,399
,"TOLLAND, CT",0.48%,0.59%,13047
,"BULLOCK, AL",-,-,15
,"GILPIN, CO",-,-,204
,"CULLMAN, AL",-,-,39
,"CUSTER, CO",-,-,115
,"BAXTER, AR",2.44%,2.74%,657
,"GARLAND, AR",1.68%,1.89%,2805
,"EL PASO, CO",0.59%,0.68%,82328
,"JUNEAU, AK",-,-,20
,"POPE, AR",1.61%,2.00%,2052
,"SEARCY, AR",-,-,185
,"SAN MATEO, CA",0.45%,0.54%,43702
,"ELBERT, CO",-,0.70%,1867
,"BOULDER, CO",0.28%,0.48%,28676
,"BOONE, AR",1.71%,2.45%,817
,"POLK, AR",2.28%,2.28%,483
,"JEFFERSON, CO",0.34%,0.57%,38668
,"NEW CASTLE, DE",0.52%,0.61%,67584
,"ANCHORAGE, AK",-,-,171
,"SEVIER, AR",-,2.44%,492
,"CHAFFEE, CO",-,-,389
,"MONTROSE, CO",-,-,530
,"HOONAH ANGOON, AK",-,-,10 or fewer
,"MONTGOMERY, AR",-,-,207
,"MADERA, CA",0.37%,0.86%,14568
,"DREW, AR",-,-,682
,"DELTA, CO",-,-,438
,"NAPA, CA",-,1.20%,918
,"WASHINGTON, AR",0.76%,0.92%,19750
,"SAGUACHE, CO",-,-,38
,"SACRAMENTO, CA",0.08%,0.26%,40281
,"TUOLUMNE, CA",-,2.51%,439
,"NOME, AK",-,-,10 or fewer
,"DOUGLAS, CO",0.38%,0.52%,36795
,"CLAY, AL",-,-,23
,"HINSDALE, CO",-,-,12
,"MERCED, CA",0.57%,1.59%,14197
,"COOSA, AL",-,-,10 or fewer
,"KETCHIKAN GATEWAY, AK",-,-,14
,"VALDEZ CORDOVA, AK",-,-,10 or fewer
,"NEWTON, AR",-,-,150
,"SITKA, AK",-,-,10 or fewer
,"MARIPOSA, CA",-,-,436
,"ORANGE, CA",0.04%,0.19%,72311
,"SAN JOAQUIN, CA",0.13%,0.52%,19904
,"CLEBURNE, AL",-,-,123
,"ROUTT, CO",-,0.60%,3016
,"GUNNISON, CO",-,-,216
,"SAN LUIS OBISPO, CA",1.45%,3.09%,1522
,"DENALI, AK",-,-,10 or fewer
,"CARROLL, AR",-,-,814
,"GRAND, CO",-,-,422
,"KINGS, CA",0.72%,1.67%,5851
,"GARFIELD, CO",-,-,966
,"MARSHALL, AL",-,-,67
,"HAINES, AK",-,-,10 or fewer
,"YUBA, CA",-,-,539
,"TULARE, CA",0.79%,1.93%,15664
,"LAKE, CO",-,-,140
,"CLEAR CREEK, CO",-,-,168
,"MADISON, AR",0.99%,1.07%,1216
,"ARCHULETA, CO",-,-,106
,"TEHAMA, CA",-,-,125
,"NEVADA, CA",-,-,439
,"CALHOUN, AL",-,-,268
,"LA PLATA, CO",-,-,631
,"COCONINO, AZ",-,-,251
,"YOLO, CA",-,-,3977
,"EAGLE, CO",-,1.95%,717
,"DOLORES, CO",-,-,21
,"SUTTER, CA",-,-,399
,"STANISLAUS, CA",0.68%,2.22%,11285
,"BENTON, AR",0.77%,0.93%,18121
,"AMADOR, CA",-,-,215
,"TALLADEGA, AL",-,-,68
,"SUMMIT, CO",-,-,522
,"CALAVERAS, CA",-,-,270
,"LOS ANGELES, CA",0.09%,0.40%,100195
,"PRINCE OF WALES HYDER, AK",-,-,10 or fewer
,"BUTTE, CA",-,-,634
,"COLUSA, CA",-,-,151
,"MACON, AL",-,-,42
,"PITKIN, CO",-,-,581
,"EL DORADO, CA",-,-,2737
,"PLACER, CA",-,0.52%,3840
,"GLENN, CA",-,-,75
,"ETOWAH, AL",-,-,1134
,"BLOUNT, AL",-,-,40
,"OURAY, CO",-,-,33
,"SAN MIGUEL, CO",-,-,151
,"VENTURA, CA",-,0.35%,3164
,"ALEUTIANS EAST, AK",-,-,10 or fewer
,"BRISTOL BAY, AK",-,-,10 or fewer
,"LAKE AND PENINSULA, AK",-,-,10 or fewer
,"YAKUTAT, AK",-,-,10 or fewer
,"YUKON KOYUKUK, AK",-,-,10 or fewer
,None of the above,0.32%,0.51%,347482
,Total,0.37%,0.59%,2882363
≥ 18 and < 25 Years,"KUSILVAK, AK",-,-,10 or fewer
,"DILLINGHAM, AK",-,-,10 or fewer
,"GREENE, AL",-,-,40
,"WALKER, AL",-,-,30
,"ALEUTIANS WEST, AK",-,-,10 or fewer
,"CHOCTAW, AL",-,-,376
,"SUMTER, AL",-,-,249
,"JACKSON, AR",-,-,205
,"WINSTON, AL",-,-,27
,"MARENGO, AL",-,-,53
,"MARION, AL",-,-,398
,"KENT, DE",1.71%,2.49%,7545
,"APACHE, AZ",-,-,35
,"MOBILE, AL",1.68%,3.34%,6672
,"HALE, AL",-,-,57
,"WASHINGTON, AL",-,-,236
,"DEL NORTE, CA",-,2.53%,513
,"FAYETTE, AL",-,-,15
,"CLARKE, AL",-,-,158
,"MONROE, AR",-,-,215
,"LOGAN, CO",-,-,144
,"POINSETT, AR",2.22%,2.62%,991
,"TUSCALOOSA, AL",2.82%,3.77%,1062
,"OUACHITA, AR",-,1.84%,759
,"COFFEE, AL",1.77%,2.95%,678
,"MISSISSIPPI, AR",1.58%,2.58%,698
,"MODOC, CA",-,-,13
,"SUSSEX, DE",1.47%,2.47%,7484
,"ARKANSAS, AR",2.27%,2.87%,836
,"PHILLIPS, AR",-,-,155
,"MILLER, AR",3.39%,4.60%,413
,"SAINT FRANCIS, AR",-,-,199
,"SCOTT, AR",-,-,126
,"LOGAN, AR",-,4.14%,266
,"PICKENS, AL",-,-,250
,"WILCOX, AL",-,-,28
,"SHARP, AR",-,-,150
,"PRAIRIE, AR",-,-,233
,"LAFAYETTE, AR",-,-,41
,"SKAGWAY, AK",-,-,10 or fewer
,"GRAHAM, AZ",-,-,82
,"JEFFERSON, AR",2.69%,3.85%,1299
,"COLUMBIA, AR",-,4.46%,269
,"SEBASTIAN, AR",1.33%,2.40%,3828
,"JOHNSON, AR",-,4.04%,322
,"BIBB, AL",-,-,26
,"LA PAZ, AZ",-,-,19
,"FRANKLIN, AL",-,-,69
,"LAWRENCE, AR",-,-,272
,"DALLAS, AR",-,-,121
,"COCHISE, AZ",4.80%,6.31%,396
,"PERRY, AL",-,-,10 or fewer
,"CRAIGHEAD, AR",1.25%,1.98%,5102
,"BUTLER, AL",-,-,16
,"LAMAR, AL",-,-,189
,"NEVADA, AR",-,-,239
,"MONROE, AL",-,-,127
,"CLARK, AR",1.50%,3.01%,998
,"INDEPENDENCE, AR",3.54%,5.05%,396
,"CALHOUN, AR",-,-,46
,"PIMA, AZ",1.48%,2.05%,21103
,"SANTA BARBARA, CA",0.88%,1.62%,3077
,"CHAMBERS, AL",-,-,237
,"KODIAK ISLAND, AK",-,-,280
,"CLAY, AR",-,-,159
,"COLBERT, AL",-,-,30
,"NAVAJO, AZ",-,-,88
,"LAUDERDALE, AL",-,-,35
,"CONECUH, AL",-,-,57
,"CRAWFORD, AR",1.62%,2.12%,1977
,"SAN FRANCISCO, CA",0.69%,1.17%,17159
,"FULTON, AR",-,-,43
,"SIERRA, CA",-,-,13
,"CRITTENDEN, AR",1.08%,1.71%,1756
,"PERRY, AR",-,-,261
,"ALPINE, CA",-,-,10 or fewer
,"LEE, AR",-,-,61
,"IMPERIAL, CA",-,1.91%,629
,"RANDOLPH, AL",-,-,123
,"GREENE, AR",1.70%,2.89%,1177
,"JACKSON, AL",-,-,133
,"WASHINGTON, CO",-,-,22
,"GENEVA, AL",-,-,362
,"COVINGTON, AL",-,-,74
,"SANTA CRUZ, AZ",-,-,254
,"FRANKLIN, AR",-,-,257
,"PIKE, AL",-,-,66
,"MONTEREY, CA",1.62%,2.11%,13778
,"CLEBURNE, AR",-,1.90%,789
,"JACKSON, CO",-,-,24
,"LASSEN, CA",-,-,150
,"GREENLEE, AZ",-,-,21
,"LAWRENCE, AL",-,-,11
,"SEDGWICK, CO",-,-,25
,"HOUSTON, AL",1.07%,2.09%,2152
,"DALE, AL",-,2.35%,511
,"GILA, AZ",-,-,70
,"BALDWIN, AL",1.18%,2.73%,4574
,"SOUTHEAST FAIRBANKS, AK",-,-,10 or fewer
,"ALAMEDA, CA",0.82%,1.50%,31859
,"DALLAS, AL",-,-,17
,"LOWNDES, AL",-,-,10 or fewer
,"PLUMAS, CA",-,-,92
,"CROSS, AR",-,3.28%,335
,"IZARD, AR",-,-,67
,"CROWLEY, CO",-,-,51
,"ESCAMBIA, AL",-,4.44%,293
,"MIDDLESEX, CT",0.93%,1.46%,6457
,"MORGAN, AL",-,-,47
,"MOHAVE, AZ",-,-,124
,"HUMBOLDT, CA",0.93%,1.24%,4834
,"AUTAUGA, AL",-,-,31
,"BARBOUR, AL",-,-,170
,"CONTRA COSTA, CA",1.02%,1.48%,25914
,"PHILLIPS, CO",-,-,49
,"MARICOPA, AZ",0.68%,1.16%,50960
,"LONOKE, AR",1.29%,2.57%,2255
,"TRINITY, CA",-,-,34
,"WHITE, AR",2.34%,3.65%,985
,"COSTILLA, CO",-,-,17
,"MADISON, AL",-,-,280
,"YUMA, AZ",-,-,131
,"SAN JUAN, CO",-,-,10 or fewer
,"LITTLE RIVER, AR",-,-,94
,"SAN BERNARDINO, CA",1.70%,2.91%,22555
,"MOFFAT, CO",-,1.62%,681
,"HOT SPRING, AR",-,2.92%,855
,"SALINE, AR",1.46%,2.59%,3087
,"HEMPSTEAD, AR",-,6.57%,198
,"KERN, CA",1.21%,2.49%,13758
,"SOLANO, CA",0.83%,1.61%,4217
,"HENRY, AL",-,-,219
,"CRENSHAW, AL",-,-,15
,"INYO, CA",-,-,39
,"MESA, CO",1.18%,2.18%,3124
,"PULASKI, AR",1.57%,2.63%,15256
,"OTERO, CO",-,-,220
,"MONTGOMERY, AL",-,-,149
,"VAN BUREN, AR",-,6.45%,186
,"TALLAPOOSA, AL",-,-,12
,"NORTH SLOPE, AK",-,-,10 or fewer
,"RANDOLPH, AR",-,-,189
,"BACA, CO",-,-,30
,"MORGAN, CO",-,4.92%,305
,"ELMORE, AL",-,-,35
,"PUEBLO, CO",1.45%,3.10%,4196
,"NEW LONDON, CT",0.94%,1.66%,9144
,"LINCOLN, CO",-,-,50
,"PROWERS, CO",-,-,107
,"WOODRUFF, AR",-,-,35
,"WELD, CO",0.97%,1.76%,14295
,"HUERFANO, CO",-,-,51
,"RIO GRANDE, CO",-,-,54
,"DESHA, AR",-,-,84
,"BENT, CO",-,-,53
,"RIO BLANCO, CO",-,-,33
,"LIMESTONE, AL",-,-,75
,"NEW HAVEN, CT",0.86%,1.59%,14831
,"WINDHAM, CT",1.36%,2.18%,4257
,"FRESNO, CA",1.28%,2.42%,31605
,"CHEROKEE, AL",-,-,88
,"SAN DIEGO, CA",0.62%,1.26%,68081
,"PIKE, AR",-,-,118
,"FAIRFIELD, CT",0.76%,1.34%,15331
,"TELLER, CO",1.96%,2.67%,562
,"SISKIYOU, CA",-,-,77
,"CLEVELAND, AR",-,-,92
,"MATANUSKA SUSITNA, AK",-,-,71
,"LAS ANIMAS, CO",-,-,125
,"LINCOLN, AR",-,-,97
,"FREMONT, CO",4.83%,4.55%,352
,"GRANT, AR",-,3.63%,386
,"MINERAL, CO",-,-,10 or fewer
,"SANTA CRUZ, CA",1.85%,2.59%,3626
,"PETERSBURG, AK",-,-,10 or fewer
,"WRANGELL, AK",-,-,10 or fewer
,"SAN BENITO, CA",3.92%,4.78%,586
,"MARION, AR",-,-,28
,"KIOWA, CO",-,-,10 or fewer
,"DENVER, CO",0.98%,1.47%,30994
,"STONE, AR",-,-,52
,"LARIMER, CO",0.83%,1.28%,18296
,"SHASTA, CA",-,0.98%,1118
,"LAKE, CA",-,-,735
,"CHILTON, AL",-,-,18
,"RIVERSIDE, CA",1.02%,2.23%,35505
,"KENAI PENINSULA, AK",-,-,46
,"HOWARD, AR",-,-,91
,"YELL, AR",-,-,133
,"SONOMA, CA",0.53%,1.14%,8240
,"ADAMS, CO",1.21%,2.10%,14666
,"CHICOT, AR",-,-,62
,"HARTFORD, CT",1.16%,1.76%,34462
,"SHELBY, AL",-,-,165
,"PARK, CO",-,-,101
,"CONEJOS, CO",-,-,29
,"LITCHFIELD, CT",1.26%,2.00%,4749
,"SANTA CLARA, CA",1.01%,1.63%,28228
,"MENDOCINO, CA",0.84%,1.53%,2027
,"MONTEZUMA, CO",-,-,45
,"JEFFERSON, AL",-,2.33%,559
,"ASHLEY, AR",-,-,152
,"FAULKNER, AR",1.65%,2.60%,2965
,"BETHEL, AK",-,-,10 or fewer
,"FAIRBANKS NORTH STAR, AK",-,-,76
,"ARAPAHOE, CO",1.08%,1.82%,18915
,"UNION, AR",4.61%,5.32%,282
,"YUMA, CO",-,-,64
,"RUSSELL, AL",-,-,87
,"ALAMOSA, CO",-,-,88
,"NORTHWEST ARCTIC, AK",-,-,10 or fewer
,"CONWAY, AR",-,-,261
,"BRADLEY, AR",-,-,98
,"BROOMFIELD, CO",0.81%,1.44%,2218
,"PINAL, AZ",-,0.98%,2250
,"CHEYENNE, CO",-,-,12
,"YAVAPAI, AZ",-,-,493
,"SAINT CLAIR, AL",-,-,68
,"MARIN, CA",0.43%,0.98%,4878
,"MONO, CA",-,-,33
,"KIT CARSON, CO",-,-,42
,"LEE, AL",-,-,255
,"TOLLAND, CT",1.55%,2.01%,4385
,"BULLOCK, AL",-,-,10 or fewer
,"GILPIN, CO",-,-,56
,"CULLMAN, AL",-,-,38
,"CUSTER, CO",-,-,26
,"BAXTER, AR",-,-,136
,"GARLAND, AR",3.06%,4.29%,653
,"EL PASO, CO",1.22%,1.84%,29756
,"JUNEAU, AK",-,-,34
,"POPE, AR",6.56%,6.97%,488
,"SEARCY, AR",-,-,33
,"SAN MATEO, CA",1.21%,1.78%,11231
,"ELBERT, CO",-,-,415
,"BOULDER, CO",0.67%,1.11%,13219
,"BOONE, AR",-,-,102
,"POLK, AR",-,-,102
,"JEFFERSON, CO",1.02%,2.01%,11162
,"NEW CASTLE, DE",1.64%,2.15%,11526
,"ANCHORAGE, AK",-,-,276
,"SEVIER, AR",-,-,65
,"CHAFFEE, CO",-,-,102
,"MONTROSE, CO",-,-,198
,"HOONAH ANGOON, AK",-,-,10 or fewer
,"MONTGOMERY, AR",-,-,40
,"MADERA, CA",0.73%,2.36%,3299
,"DREW, AR",-,-,201
,"DELTA, CO",-,-,177
,"NAPA, CA",-,-,917
,"WASHINGTON, AR",1.65%,2.45%,2369
,"SAGUACHE, CO",-,-,10 or fewer
,"SACRAMENTO, CA",0.40%,1.30%,15039
,"TUOLUMNE, CA",-,-,125
,"NOME, AK",-,-,10 or fewer
,"DOUGLAS, CO",1.02%,1.53%,9002
,"CLAY, AL",-,-,27
,"HINSDALE, CO",-,-,10 or fewer
,"MERCED, CA",2.09%,5.21%,1822
,"COOSA, AL",-,-,10 or fewer
,"KETCHIKAN GATEWAY, AK",-,-,10 or fewer
,"VALDEZ CORDOVA, AK",-,-,10 or fewer
,"NEWTON, AR",-,-,22
,"SITKA, AK",-,-,10 or fewer
,"MARIPOSA, CA",-,-,77
,"ORANGE, CA",0.34%,1.32%,30586
,"SAN JOAQUIN, CA",0.28%,1.63%,5774
,"CLEBURNE, AL",-,-,72
,"ROUTT, CO",-,1.27%,1105
,"GUNNISON, CO",-,-,146
,"SAN LUIS OBISPO, CA",-,4.45%,472
,"DENALI, AK",-,-,10 or fewer
,"CARROLL, AR",-,-,56
,"GRAND, CO",-,-,204
,"KINGS, CA",1.49%,5.11%,1077
,"GARFIELD, CO",-,-,354
,"MARSHALL, AL",-,-,87
,"HAINES, AK",-,-,10 or fewer
,"YUBA, CA",-,-,253
,"TULARE, CA",1.48%,4.23%,3449
,"LAKE, CO",-,-,32
,"CLEAR CREEK, CO",-,-,49
,"MADISON, AR",-,-,84
,"ARCHULETA, CO",-,-,27
,"TEHAMA, CA",-,-,306
,"NEVADA, CA",-,-,239
,"CALHOUN, AL",-,3.97%,277
,"LA PLATA, CO",-,-,186
,"COCONINO, AZ",-,-,877
,"YOLO, CA",-,0.83%,1807
,"EAGLE, CO",-,-,333
,"DOLORES, CO",-,-,10 or fewer
,"SUTTER, CA",-,-,250
,"STANISLAUS, CA",1.45%,5.72%,2062
,"BENTON, AR",1.05%,2.11%,1233
,"AMADOR, CA",-,-,100
,"TALLADEGA, AL",-,-,76
,"SUMMIT, CO",-,-,158
,"CALAVERAS, CA",-,-,117
,"LOS ANGELES, CA",0.31%,1.62%,39573
,"PRINCE OF WALES HYDER, AK",-,-,10 or fewer
,"BUTTE, CA",-,-,1990
,"COLUSA, CA",-,-,56
,"MACON, AL",-,-,29
,"PITKIN, CO",-,-,327
,"EL DORADO, CA",-,0.95%,1575
,"PLACER, CA",-,0.86%,2085
,"GLENN, CA",-,-,206
,"ETOWAH, AL",-,2.89%,519
,"BLOUNT, AL",-,-,61
,"OURAY, CO",-,-,18
,"SAN MIGUEL, CO",-,-,61
,"VENTURA, CA",-,-,1868
,"ALEUTIANS EAST, AK",-,-,10 or fewer
,"BRISTOL BAY, AK",-,-,10 or fewer
,"LAKE AND PENINSULA, AK",-,-,10 or fewer
,"YAKUTAT, AK",-,-,10 or fewer
,"YUKON KOYUKUK, AK",-,-,10 or fewer
,None of the above,0.94%,1.60%,148585
,Total,1.00%,1.79%,1055023
≥ 25 and < 35 Years,"KUSILVAK, AK",-,-,10 or fewer
,"DILLINGHAM, AK",-,-,10 or fewer
,"GREENE, AL",-,-,41
,"WALKER, AL",-,-,54
,"ALEUTIANS WEST, AK",-,-,10 or fewer
,"CHOCTAW, AL",3.40%,5.09%,530
,"SUMTER, AL",4.15%,7.42%,337
,"JACKSON, AR",-,4.03%,273
,"WINSTON, AL",-,-,17
,"MARENGO, AL",-,-,92
,"MARION, AL",3.37%,4.68%,534
,"KENT, DE",2.72%,4.43%,11327
,"APACHE, AZ",-,13.58%,81
,"MOBILE, AL",3.00%,6.15%,11701
,"HALE, AL",-,-,109
,"WASHINGTON, AL",-,7.49%,347
,"DEL NORTE, CA",3.27%,4.52%,796
,"FAYETTE, AL",-,-,37
,"CLARKE, AL",-,6.41%,281
,"MONROE, AR",5.33%,6.58%,319
,"LOGAN, CO",-,7.26%,317
,"POINSETT, AR",3.78%,5.56%,1349
,"TUSCALOOSA, AL",5.73%,6.67%,1693
,"OUACHITA, AR",3.97%,5.47%,932
,"COFFEE, AL",2.98%,3.93%,1042
,"MISSISSIPPI, AR",2.78%,5.19%,1079
,"MODOC, CA",-,-,39
,"SUSSEX, DE",2.37%,4.18%,11091
,"ARKANSAS, AR",3.14%,5.00%,1180
,"PHILLIPS, AR",5.17%,10.78%,232
,"MILLER, AR",5.02%,6.56%,518
,"SAINT FRANCIS, AR",4.96%,6.71%,343
,"SCOTT, AR",-,5.77%,208
,"LOGAN, AR",3.16%,4.47%,380
,"PICKENS, AL",3.23%,5.46%,403
,"WILCOX, AL",-,-,42
,"SHARP, AR",-,-,186
,"PRAIRIE, AR",-,3.11%,354
,"LAFAYETTE, AR",-,-,53
,"SKAGWAY, AK",-,-,10 or fewer
,"GRAHAM, AZ",-,9.23%,130
,"JEFFERSON, AR",4.87%,7.04%,1847
,"COLUMBIA, AR",3.82%,5.59%,340
,"SEBASTIAN, AR",2.79%,4.65%,5269
,"JOHNSON, AR",3.64%,6.31%,412
,"BIBB, AL",-,-,25
,"LA PAZ, AZ",-,-,29
,"FRANKLIN, AL",-,-,129
,"LAWRENCE, AR",2.66%,3.39%,413
,"DALLAS, AR",-,10.90%,156
,"COCHISE, AZ",3.36%,5.05%,654
,"PERRY, AL",-,-,18
,"CRAIGHEAD, AR",3.10%,4.50%,7740
,"BUTLER, AL",-,-,34
,"LAMAR, AL",4.84%,7.42%,310
,"NEVADA, AR",3.50%,5.54%,343
,"MONROE, AL",4.64%,7.14%,280
,"CLARK, AR",1.91%,4.34%,1359
,"INDEPENDENCE, AR",3.96%,7.36%,530
,"CALHOUN, AR",-,-,87
,"PIMA, AZ",3.00%,4.28%,31496
,"SANTA BARBARA, CA",2.39%,4.26%,4183
,"CHAMBERS, AL",-,4.69%,469
,"KODIAK ISLAND, AK",2.02%,2.39%,545
,"CLAY, AR",-,5.04%,258
,"COLBERT, AL",-,-,43
,"NAVAJO, AZ",-,-,178
,"LAUDERDALE, AL",-,-,54
,"CONECUH, AL",-,12.75%,102
,"CRAWFORD, AR",2.08%,4.13%,2836
,"SAN FRANCISCO, CA",1.29%,2.14%,37135
,"FULTON, AR",-,-,60
,"SIERRA, CA",-,-,28
,"CRITTENDEN, AR",2.33%,3.54%,2573
,"PERRY, AR",3.20%,4.27%,375
,"ALPINE, CA",-,-,13
,"LEE, AR",-,-,81
,"IMPERIAL, CA",2.04%,4.66%,1179
,"RANDOLPH, AL",-,-,216
,"GREENE, AR",1.60%,3.05%,1871
,"JACKSON, AL",-,-,215
,"WASHINGTON, CO",-,-,44
,"GENEVA, AL",1.89%,3.61%,582
,"COVINGTON, AL",-,-,106
,"SANTA CRUZ, AZ",-,3.80%,421
,"FRANKLIN, AR",-,4.87%,349
,"PIKE, AL",-,-,121
,"MONTEREY, CA",3.01%,4.38%,18067
,"CLEBURNE, AR",1.78%,3.56%,1067
,"JACKSON, CO",-,-,40
,"LASSEN, CA",-,4.72%,318
,"GREENLEE, AZ",-,-,49
,"LAWRENCE, AL",-,-,17
,"SEDGWICK, CO",-,-,31
,"HOUSTON, AL",2.29%,5.30%,3846
,"DALE, AL",2.20%,4.49%,1046
,"GILA, AZ",-,-,118
,"BALDWIN, AL",2.10%,4.75%,7776
,"SOUTHEAST FAIRBANKS, AK",-,-,10 or fewer
,"ALAMEDA, CA",1.96%,3.33%,53571
,"DALLAS, AL",-,-,24
,"LOWNDES, AL",-,-,10 or fewer
,"PLUMAS, CA",-,-,152
,"CROSS, AR",2.28%,5.13%,526
,"IZARD, AR",-,-,68
,"CROWLEY, CO",-,-,105
,"ESCAMBIA, AL",2.65%,8.83%,453
,"MIDDLESEX, CT",1.39%,2.65%,10162
,"MORGAN, AL",-,-,62
,"MOHAVE, AZ",-,-,168
,"HUMBOLDT, CA",2.14%,2.81%,8324
,"AUTAUGA, AL",-,-,42
,"BARBOUR, AL",4.62%,6.72%,238
,"CONTRA COSTA, CA",2.43%,3.39%,34967
,"PHILLIPS, CO",-,-,49
,"MARICOPA, AZ",1.84%,2.83%,89507
,"LONOKE, AR",2.07%,4.12%,3617
,"TRINITY, CA",-,-,92
,"WHITE, AR",3.54%,6.29%,1414
,"COSTILLA, CO",-,-,25
,"MADISON, AL",-,3.21%,343
,"YUMA, AZ",-,-,224
,"SAN JUAN, CO",-,-,10 or fewer
,"LITTLE RIVER, AR",-,-,107
,"SAN BERNARDINO, CA",2.32%,4.47%,40575
,"MOFFAT, CO",1.60%,2.64%,1061
,"HOT SPRING, AR",1.65%,5.25%,1276
,"SALINE, AR",1.79%,4.26%,5516
,"HEMPSTEAD, AR",-,7.39%,257
,"KERN, CA",2.42%,4.49%,18415
,"SOLANO, CA",1.73%,3.58%,7046
,"HENRY, AL",-,4.72%,381
,"CRENSHAW, AL",-,-,19
,"INYO, CA",-,-,57
,"MESA, CO",2.20%,3.78%,4998
,"PULASKI, AR",2.18%,4.48%,23897
,"OTERO, CO",-,4.70%,362
,"MONTGOMERY, AL",-,-,194
,"VAN BUREN, AR",-,4.20%,262
,"TALLAPOOSA, AL",-,-,36
,"NORTH SLOPE, AK",-,-,10 or fewer
,"RANDOLPH, AR",4.30%,9.68%,279
,"BACA, CO",-,-,34
,"MORGAN, CO",-,3.78%,502
,"ELMORE, AL",-,-,40
,"PUEBLO, CO",1.53%,4.17%,7264
,"NEW LONDON, CT",1.40%,3.28%,13686
,"LINCOLN, CO",-,-,59
,"PROWERS, CO",-,-,128
,"WOODRUFF, AR",-,-,74
,"WELD, CO",1.64%,3.28%,24763
,"HUERFANO, CO",-,-,119
,"RIO GRANDE, CO",-,-,79
,"DESHA, AR",-,-,103
,"BENT, CO",-,-,75
,"RIO BLANCO, CO",-,-,68
,"LIMESTONE, AL",-,-,87
,"NEW HAVEN, CT",1.33%,3.18%,21962
,"WINDHAM, CT",1.76%,4.06%,6551
,"FRESNO, CA",2.12%,4.72%,51426
,"CHEROKEE, AL",-,-,167
,"SAN DIEGO, CA",1.23%,2.38%,128699
,"PIKE, AR",-,-,120
,"FAIRFIELD, CT",1.48%,3.09%,19856
,"TELLER, CO",1.41%,2.45%,1062
,"SISKIYOU, CA",-,-,129
,"CLEVELAND, AR",-,-,123
,"MATANUSKA SUSITNA, AK",-,-,60
,"LAS ANIMAS, CO",-,-,210
,"LINCOLN, AR",-,-,143
,"FREMONT, CO",2.13%,3.20%,563
,"GRANT, AR",-,4.16%,577
,"MINERAL, CO",-,-,10 or fewer
,"SANTA CRUZ, CA",1.61%,3.05%,5341
,"PETERSBURG, AK",-,-,10 or fewer
,"WRANGELL, AK",-,-,10 or fewer
,"SAN BENITO, CA",1.98%,3.96%,809
,"MARION, AR",-,-,36
,"KIOWA, CO",-,-,27
,"DENVER, CO",1.43%,2.22%,66514
,"STONE, AR",-,-,66
,"LARIMER, CO",1.36%,2.22%,27782
,"SHASTA, CA",1.18%,2.10%,1188
,"LAKE, CA",1.24%,2.47%,1133
,"CHILTON, AL",-,-,16
,"RIVERSIDE, CA",1.43%,3.98%,59348
,"KENAI PENINSULA, AK",-,-,41
,"HOWARD, AR",-,-,112
,"YELL, AR",-,6.83%,161
,"SONOMA, CA",1.55%,3.38%,10748
,"ADAMS, CO",1.82%,3.26%,24074
,"CHICOT, AR",-,-,79
,"HARTFORD, CT",1.39%,3.08%,51589
,"SHELBY, AL",-,-,154
,"PARK, CO",-,-,225
,"CONEJOS, CO",-,-,34
,"LITCHFIELD, CT",1.23%,3.10%,6804
,"SANTA CLARA, CA",1.18%,2.31%,49669
,"MENDOCINO, CA",1.98%,3.24%,3336
,"MONTEZUMA, CO",-,-,55
,"JEFFERSON, AL",-,1.98%,555
,"ASHLEY, AR",-,-,202
,"FAULKNER, AR",1.96%,4.19%,4388
,"BETHEL, AK",-,-,10 or fewer
,"FAIRBANKS NORTH STAR, AK",-,-,81
,"ARAPAHOE, CO",1.67%,3.18%,30729
,"UNION, AR",3.10%,6.20%,355
,"YUMA, CO",-,-,78
,"RUSSELL, AL",-,-,125
,"ALAMOSA, CO",-,-,126
,"NORTHWEST ARCTIC, AK",-,-,10 or fewer
,"CONWAY, AR",-,6.72%,357
,"BRADLEY, AR",-,-,129
,"BROOMFIELD, CO",1.48%,2.54%,3782
,"PINAL, AZ",1.61%,2.70%,3783
,"CHEYENNE, CO",-,-,22
,"YAVAPAI, AZ",-,2.07%,919
,"SAINT CLAIR, AL",-,-,103
,"MARIN, CA",1.57%,2.68%,5791
,"MONO, CA",-,-,66
,"KIT CARSON, CO",-,-,46
,"LEE, AL",-,4.55%,286
,"TOLLAND, CT",1.26%,2.63%,6344
,"BULLOCK, AL",-,-,18
,"GILPIN, CO",-,-,155
,"CULLMAN, AL",-,-,65
,"CUSTER, CO",-,-,61
,"BAXTER, AR",-,-,105
,"GARLAND, AR",1.62%,4.46%,740
,"EL PASO, CO",1.24%,2.62%,48825
,"JUNEAU, AK",-,-,31
,"POPE, AR",-,4.24%,613
,"SEARCY, AR",-,-,41
,"SAN MATEO, CA",1.31%,2.50%,17516
,"ELBERT, CO",-,3.00%,566
,"BOULDER, CO",0.94%,1.67%,20006
,"BOONE, AR",-,-,97
,"POLK, AR",-,-,128
,"JEFFERSON, CO",1.41%,2.39%,22305
,"NEW CASTLE, DE",1.33%,2.65%,10712
,"ANCHORAGE, AK",-,-,229
,"SEVIER, AR",-,-,95
,"CHAFFEE, CO",-,-,157
,"MONTROSE, CO",-,4.90%,245
,"HOONAH ANGOON, AK",-,-,10 or fewer
,"MONTGOMERY, AR",-,-,48
,"MADERA, CA",1.44%,4.45%,5285
,"DREW, AR",-,7.50%,240
,"DELTA, CO",-,-,274
,"NAPA, CA",-,3.64%,1209
,"WASHINGTON, AR",2.02%,3.25%,1537
,"SAGUACHE, CO",-,-,14
,"SACRAMENTO, CA",0.93%,2.72%,29584
,"TUOLUMNE, CA",-,-,217
,"NOME, AK",-,-,10 or fewer
,"DOUGLAS, CO",1.19%,2.16%,12476
,"CLAY, AL",-,-,41
,"HINSDALE, CO",-,-,10 or fewer
,"MERCED, CA",1.94%,5.91%,2266
,"COOSA, AL",-,-,10 or fewer
,"KETCHIKAN GATEWAY, AK",-,-,11
,"VALDEZ CORDOVA, AK",-,-,10 or fewer
,"NEWTON, AR",-,-,21
,"SITKA, AK",-,-,12
,"MARIPOSA, CA",-,-,134
,"ORANGE, CA",0.84%,2.80%,56102
,"SAN JOAQUIN, CA",0.69%,4.21%,8533
,"CLEBURNE, AL",-,9.27%,151
,"ROUTT, CO",0.89%,1.40%,2136
,"GUNNISON, CO",-,-,177
,"SAN LUIS OBISPO, CA",-,4.81%,499
,"DENALI, AK",-,-,10 or fewer
,"CARROLL, AR",-,-,52
,"GRAND, CO",-,-,374
,"KINGS, CA",1.67%,5.17%,1741
,"GARFIELD, CO",-,-,496
,"MARSHALL, AL",-,12.14%,140
,"HAINES, AK",-,-,10 or fewer
,"YUBA, CA",-,4.30%,488
,"TULARE, CA",1.13%,4.72%,5209
,"LAKE, CO",-,-,61
,"CLEAR CREEK, CO",-,-,129
,"MADISON, AR",-,-,60
,"ARCHULETA, CO",-,-,43
,"TEHAMA, CA",-,-,284
,"NEVADA, CA",-,-,398
,"CALHOUN, AL",-,6.81%,499
,"LA PLATA, CO",-,-,148
,"COCONINO, AZ",-,-,977
,"YOLO, CA",0.73%,2.03%,2863
,"EAGLE, CO",-,-,400
,"DOLORES, CO",-,-,10 or fewer
,"SUTTER, CA",-,2.99%,402
,"STANISLAUS, CA",0.72%,3.37%,2495
,"BENTON, AR",-,4.01%,1023
,"AMADOR, CA",-,-,190
,"TALLADEGA, AL",-,10.47%,172
,"SUMMIT, CO",-,-,272
,"CALAVERAS, CA",-,-,162
,"LOS ANGELES, CA",0.55%,3.12%,68128
,"PRINCE OF WALES HYDER, AK",-,-,10 or fewer
,"BUTTE, CA",-,0.88%,1822
,"COLUSA, CA",-,-,79
,"MACON, AL",-,-,86
,"PITKIN, CO",-,-,500
,"EL DORADO, CA",-,1.36%,2063
,"PLACER, CA",0.44%,1.74%,3400
,"GLENN, CA",-,-,196
,"ETOWAH, AL",-,6.15%,1008
,"BLOUNT, AL",-,-,111
,"OURAY, CO",-,-,23
,"SAN MIGUEL, CO",-,-,63
,"VENTURA, CA",-,1.13%,2755
,"ALEUTIANS EAST, AK",-,-,10 or fewer
,"BRISTOL BAY, AK",-,-,10 or fewer
,"LAKE AND PENINSULA, AK",-,-,10 or fewer
,"YAKUTAT, AK",-,-,10 or fewer
,"YUKON KOYUKUK, AK",-,-,10 or fewer
,None of the above,1.32%,2.81%,230995
,Total,1.57%,3.17%,1715618
≥ 35 and < 45 Years,"KUSILVAK, AK",-,-,10 or fewer
,"DILLINGHAM, AK",-,-,10 or fewer
,"GREENE, AL",12.50%,17.05%,88
,"WALKER, AL",-,-,75
,"ALEUTIANS WEST, AK",-,-,10 or fewer
,"CHOCTAW, AL",9.48%,13.03%,591
,"SUMTER, AL",11.57%,18.10%,337
,"JACKSON, AR",7.62%,13.97%,315
,"WINSTON, AL",-,-,42
,"MARENGO, AL",-,11.32%,106
,"MARION, AL",7.28%,9.91%,646
,"KENT, DE",6.43%,9.80%,11673
,"APACHE, AZ",-,11.82%,110
,"MOBILE, AL",6.54%,11.72%,14011
,"HALE, AL",-,10.85%,129
,"WASHINGTON, AL",6.28%,12.06%,398
,"DEL NORTE, CA",8.93%,10.31%,941
,"FAYETTE, AL",-,-,38
,"CLARKE, AL",8.06%,14.63%,335
,"MONROE, AR",8.36%,12.40%,371
,"LOGAN, CO",5.33%,10.95%,338
,"POINSETT, AR",8.26%,11.02%,1307
,"TUSCALOOSA, AL",12.29%,14.72%,1562
,"OUACHITA, AR",7.97%,11.53%,1067
,"COFFEE, AL",6.18%,10.75%,1619
,"MISSISSIPPI, AR",6.88%,12.05%,1162
,"MODOC, CA",-,-,42
,"SUSSEX, DE",5.77%,9.54%,11326
,"ARKANSAS, AR",7.18%,11.23%,1309
,"PHILLIPS, AR",8.88%,15.13%,304
,"MILLER, AR",9.82%,13.91%,611
,"SAINT FRANCIS, AR",6.03%,13.15%,365
,"SCOTT, AR",8.16%,10.61%,245
,"LOGAN, AR",8.95%,12.53%,447
,"PICKENS, AL",7.75%,13.72%,503
,"WILCOX, AL",-,-,55
,"SHARP, AR",5.37%,10.74%,242
,"PRAIRIE, AR",7.00%,10.50%,400
,"LAFAYETTE, AR",-,17.19%,64
,"SKAGWAY, AK",-,-,10 or fewer
,"GRAHAM, AZ",-,13.33%,105
,"JEFFERSON, AR",8.82%,15.35%,2085
,"COLUMBIA, AR",9.94%,13.92%,352
,"SEBASTIAN, AR",7.01%,10.43%,5932
,"JOHNSON, AR",10.02%,11.95%,569
,"BIBB, AL",-,-,23
,"LA PAZ, AZ",-,-,33
,"FRANKLIN, AL",-,-,116
,"LAWRENCE, AR",5.40%,11.31%,389
,"DALLAS, AR",6.73%,10.76%,223
,"COCHISE, AZ",7.40%,11.81%,635
,"PERRY, AL",-,-,10 or fewer
,"CRAIGHEAD, AR",6.59%,9.31%,7145
,"BUTLER, AL",-,-,29
,"LAMAR, AL",5.36%,9.12%,373
,"NEVADA, AR",6.98%,10.89%,358
,"MONROE, AL",6.36%,12.12%,330
,"CLARK, AR",6.85%,11.63%,1402
,"INDEPENDENCE, AR",9.32%,12.80%,633
,"CALHOUN, AR",-,11.96%,92
,"PIMA, AZ",7.38%,9.66%,30116
,"SANTA BARBARA, CA",6.76%,10.20%,4185
,"CHAMBERS, AL",5.34%,11.86%,506
,"KODIAK ISLAND, AK",4.67%,5.75%,643
,"CLAY, AR",6.59%,10.47%,258
,"COLBERT, AL",-,-,60
,"NAVAJO, AZ",-,8.10%,210
,"LAUDERDALE, AL",-,-,37
,"CONECUH, AL",-,14.00%,150
,"CRAWFORD, AR",5.27%,8.30%,3228
,"SAN FRANCISCO, CA",4.47%,6.03%,32227
,"FULTON, AR",-,-,63
,"SIERRA, CA",-,-,45
,"CRITTENDEN, AR",6.10%,9.50%,2622
,"PERRY, AR",4.40%,9.95%,432
,"ALPINE, CA",-,-,28
,"LEE, AR",-,12.00%,100
,"IMPERIAL, CA",4.06%,8.48%,1356
,"RANDOLPH, AL",4.40%,10.62%,273
,"GREENE, AR",4.88%,8.55%,1824
,"JACKSON, AL",6.12%,11.15%,278
,"WASHINGTON, CO",-,-,56
,"GENEVA, AL",4.38%,8.64%,799
,"COVINGTON, AL",7.18%,14.92%,181
,"SANTA CRUZ, AZ",4.94%,7.98%,263
,"FRANKLIN, AR",6.47%,11.03%,417
,"PIKE, AL",-,14.38%,146
,"MONTEREY, CA",6.80%,9.76%,18053
,"CLEBURNE, AR",4.13%,7.79%,1477
,"JACKSON, CO",-,-,66
,"LASSEN, CA",3.71%,8.08%,458
,"GREENLEE, AZ",-,-,23
,"LAWRENCE, AL",-,-,10 or fewer
,"SEDGWICK, CO",-,-,55
,"HOUSTON, AL",5.30%,10.65%,4413
,"DALE, AL",4.82%,9.39%,1204
,"GILA, AZ",-,9.88%,162
,"BALDWIN, AL",3.80%,8.99%,9782
,"SOUTHEAST FAIRBANKS, AK",-,-,10 or fewer
,"ALAMEDA, CA",5.01%,7.90%,57553
,"DALLAS, AL",-,-,25
,"LOWNDES, AL",-,-,10 or fewer
,"PLUMAS, CA",-,-,177
,"CROSS, AR",7.24%,10.42%,566
,"IZARD, AR",-,-,94
,"CROWLEY, CO",-,13.93%,122
,"ESCAMBIA, AL",5.78%,14.55%,536
,"MIDDLESEX, CT",2.74%,5.11%,10676
,"MORGAN, AL",-,-,57
,"MOHAVE, AZ",-,8.19%,232
,"HUMBOLDT, CA",4.93%,6.15%,9086
,"AUTAUGA, AL",-,-,45
,"BARBOUR, AL",6.21%,13.98%,322
,"CONTRA COSTA, CA",6.34%,8.81%,35352
,"PHILLIPS, CO",-,-,60
,"MARICOPA, AZ",4.48%,6.62%,90630
,"LONOKE, AR",4.02%,8.82%,4329
,"TRINITY, CA",-,-,97
,"WHITE, AR",4.14%,8.45%,1644
,"COSTILLA, CO",-,-,37
,"MADISON, AL",4.50%,7.72%,311
,"YUMA, AZ",-,7.85%,293
,"SAN JUAN, CO",-,-,10 or fewer
,"LITTLE RIVER, AR",-,9.40%,117
,"SAN BERNARDINO, CA",5.09%,9.29%,36772
,"MOFFAT, CO",4.50%,6.19%,1067
,"HOT SPRING, AR",3.83%,8.64%,1540
,"SALINE, AR",4.52%,8.33%,6590
,"HEMPSTEAD, AR",7.63%,14.06%,249
,"KERN, CA",6.22%,11.81%,16916
,"SOLANO, CA",5.02%,9.78%,5897
,"HENRY, AL",3.66%,8.90%,573
,"CRENSHAW, AL",-,-,46
,"INYO, CA",-,-,99
,"MESA, CO",4.21%,6.45%,5754
,"PULASKI, AR",4.89%,9.19%,24456
,"OTERO, CO",4.65%,9.78%,409
,"MONTGOMERY, AL",-,9.20%,174
,"VAN BUREN, AR",4.16%,11.91%,361
,"TALLAPOOSA, AL",-,-,28
,"NORTH SLOPE, AK",-,-,10 or fewer
,"RANDOLPH, AR",5.36%,10.09%,317
,"BACA, CO",-,-,40
,"MORGAN, CO",4.94%,7.60%,526
,"ELMORE, AL",-,-,70
,"PUEBLO, CO",3.30%,9.00%,7324
,"NEW LONDON, CT",3.33%,7.03%,14229
,"LINCOLN, CO",-,-,68
,"PROWERS, CO",-,10.33%,184
,"WOODRUFF, AR",-,10.68%,103
,"WELD, CO",3.86%,6.51%,24375
,"HUERFANO, CO",-,-,144
,"RIO GRANDE, CO",-,-,111
,"DESHA, AR",8.13%,14.38%,160
,"BENT, CO",-,-,93
,"RIO BLANCO, CO",-,-,85
,"LIMESTONE, AL",-,-,65
,"NEW HAVEN, CT",2.90%,6.78%,21297
,"WINDHAM, CT",3.12%,7.79%,6787
,"FRESNO, CA",4.65%,10.42%,54675
,"CHEROKEE, AL",4.49%,13.06%,245
,"SAN DIEGO, CA",2.68%,4.91%,129418
,"PIKE, AR",-,7.75%,142
,"FAIRFIELD, CT",2.89%,5.98%,22976
,"TELLER, CO",1.49%,3.90%,1411
,"SISKIYOU, CA",-,-,110
,"CLEVELAND, AR",-,12.42%,153
,"MATANUSKA SUSITNA, AK",-,-,63
,"LAS ANIMAS, CO",-,9.16%,262
,"LINCOLN, AR",-,11.58%,190
,"FREMONT, CO",2.66%,6.24%,753
,"GRANT, AR",3.59%,7.93%,668
,"MINERAL, CO",-,-,10 or fewer
,"SANTA CRUZ, CA",3.57%,6.14%,5664
,"PETERSBURG, AK",-,-,10 or fewer
,"WRANGELL, AK",-,-,10 or fewer
,"SAN BENITO, CA",3.59%,7.09%,1002
,"MARION, AR",-,-,50
,"KIOWA, CO",-,-,32
,"DENVER, CO",3.96%,5.69%,49956
,"STONE, AR",-,17.98%,89
,"LARIMER, CO",2.43%,4.04%,29142
,"SHASTA, CA",2.65%,4.41%,793
,"LAKE, CA",4.40%,7.39%,1069
,"CHILTON, AL",-,-,12
,"RIVERSIDE, CA",3.20%,8.48%,59516
,"KENAI PENINSULA, AK",-,-,41
,"HOWARD, AR",-,12.93%,116
,"YELL, AR",-,-,211
,"SONOMA, CA",4.27%,8.58%,11271
,"ADAMS, CO",4.36%,7.34%,21448
,"CHICOT, AR",-,16.35%,104
,"HARTFORD, CT",2.83%,6.23%,55230
,"SHELBY, AL",-,-,137
,"PARK, CO",-,4.07%,295
,"CONEJOS, CO",-,-,54
,"LITCHFIELD, CT",2.65%,6.13%,7672
,"SANTA CLARA, CA",2.99%,5.59%,51235
,"MENDOCINO, CA",3.67%,6.54%,3381
,"MONTEZUMA, CO",-,16.13%,93
,"JEFFERSON, AL",3.62%,8.10%,580
,"ASHLEY, AR",5.04%,10.92%,238
,"FAULKNER, AR",3.35%,8.08%,4715
,"BETHEL, AK",-,-,10 or fewer
,"FAIRBANKS NORTH STAR, AK",-,-,79
,"ARAPAHOE, CO",3.65%,6.73%,28743
,"UNION, AR",3.86%,10.45%,622
,"YUMA, CO",-,12.12%,132
,"RUSSELL, AL",-,11.11%,135
,"ALAMOSA, CO",-,8.09%,136
,"NORTHWEST ARCTIC, AK",-,-,10 or fewer
,"CONWAY, AR",5.41%,9.52%,462
,"BRADLEY, AR",-,9.87%,152
,"BROOMFIELD, CO",2.38%,3.87%,3699
,"PINAL, AZ",3.89%,6.49%,3777
,"CHEYENNE, CO",-,-,34
,"YAVAPAI, AZ",1.80%,4.24%,944
,"SAINT CLAIR, AL",-,17.27%,110
,"MARIN, CA",4.12%,6.36%,6631
,"MONO, CA",-,-,86
,"KIT CARSON, CO",-,-,75
,"LEE, AL",4.97%,9.06%,342
,"TOLLAND, CT",2.27%,4.97%,7041
,"BULLOCK, AL",-,-,22
,"GILPIN, CO",-,-,184
,"CULLMAN, AL",-,13.08%,107
,"CUSTER, CO",-,-,93
,"BAXTER, AR",-,-,144
,"GARLAND, AR",3.42%,7.36%,937
,"EL PASO, CO",2.26%,5.21%,45979
,"JUNEAU, AK",-,-,37
,"POPE, AR",4.04%,9.06%,817
,"SEARCY, AR",-,-,57
,"SAN MATEO, CA",2.29%,5.03%,18638
,"ELBERT, CO",1.99%,4.52%,753
,"BOULDER, CO",1.84%,2.86%,22134
,"BOONE, AR",-,-,95
,"POLK, AR",-,-,122
,"JEFFERSON, CO",2.47%,4.30%,20429
,"NEW CASTLE, DE",3.77%,6.38%,10996
,"ANCHORAGE, AK",-,-,178
,"SEVIER, AR",-,16.50%,103
,"CHAFFEE, CO",-,5.02%,219
,"MONTROSE, CO",-,7.28%,302
,"HOONAH ANGOON, AK",-,-,10 or fewer
,"MONTGOMERY, AR",-,-,48
,"MADERA, CA",2.39%,7.35%,5199
,"DREW, AR",-,10.14%,345
,"DELTA, CO",-,9.30%,301
,"NAPA, CA",1.36%,7.37%,882
,"WASHINGTON, AR",6.18%,8.26%,1440
,"SAGUACHE, CO",-,-,36
,"SACRAMENTO, CA",2.35%,6.63%,28042
,"TUOLUMNE, CA",-,6.25%,224
,"NOME, AK",-,-,10 or fewer
,"DOUGLAS, CO",1.96%,3.40%,15615
,"CLAY, AL",-,-,58
,"HINSDALE, CO",-,-,10 or fewer
,"MERCED, CA",3.24%,8.80%,2409
,"COOSA, AL",-,-,11
,"KETCHIKAN GATEWAY, AK",-,-,21
,"VALDEZ CORDOVA, AK",-,-,10 or fewer
,"NEWTON, AR",-,-,24
,"SITKA, AK",-,-,11
,"MARIPOSA, CA",-,-,158
,"ORANGE, CA",1.71%,5.50%,62027
,"SAN JOAQUIN, CA",1.76%,10.50%,10475
,"CLEBURNE, AL",-,16.18%,173
,"ROUTT, CO",1.15%,2.06%,2427
,"GUNNISON, CO",-,-,163
,"SAN LUIS OBISPO, CA",1.93%,4.46%,673
,"DENALI, AK",-,-,10 or fewer
,"CARROLL, AR",-,-,63
,"GRAND, CO",-,-,303
,"KINGS, CA",2.10%,8.73%,1765
,"GARFIELD, CO",-,4.15%,554
,"MARSHALL, AL",-,16.80%,244
,"HAINES, AK",-,-,10 or fewer
,"YUBA, CA",-,5.68%,440
,"TULARE, CA",2.43%,9.11%,4358
,"LAKE, CO",-,-,48
,"CLEAR CREEK, CO",-,-,105
,"MADISON, AR",-,-,64
,"ARCHULETA, CO",-,-,62
,"TEHAMA, CA",-,-,177
,"NEVADA, CA",-,2.74%,585
,"CALHOUN, AL",-,14.18%,691
,"LA PLATA, CO",-,-,187
,"COCONINO, AZ",-,3.29%,668
,"YOLO, CA",1.34%,3.18%,2388
,"EAGLE, CO",-,2.86%,420
,"DOLORES, CO",-,-,10 or fewer
,"SUTTER, CA",-,5.01%,339
,"STANISLAUS, CA",1.47%,8.49%,2721
,"BENTON, AR",4.10%,8.11%,1024
,"AMADOR, CA",-,-,219
,"TALLADEGA, AL",-,23.79%,227
,"SUMMIT, CO",-,-,227
,"CALAVERAS, CA",-,-,216
,"LOS ANGELES, CA",1.45%,7.80%,57493
,"PRINCE OF WALES HYDER, AK",-,-,10 or fewer
,"BUTTE, CA",-,2.67%,937
,"COLUSA, CA",-,-,55
,"MACON, AL",-,14.71%,102
,"PITKIN, CO",-,-,645
,"EL DORADO, CA",0.55%,2.25%,2888
,"PLACER, CA",0.62%,2.94%,3881
,"GLENN, CA",-,-,128
,"ETOWAH, AL",-,13.20%,1091
,"BLOUNT, AL",-,18.01%,161
,"OURAY, CO",-,-,38
,"SAN MIGUEL, CO",-,-,95
,"VENTURA, CA",0.62%,2.01%,2583
,"ALEUTIANS EAST, AK",-,-,10 or fewer
,"BRISTOL BAY, AK",-,-,10 or fewer
,"LAKE AND PENINSULA, AK",-,-,10 or fewer
,"YAKUTAT, AK",-,-,10 or fewer
,"YUKON KOYUKUK, AK",-,-,10 or fewer
,None of the above,2.55%,5.46%,263956
,Total,3.53%,6.83%,1753230
≥ 45 and < 55 Years,"KUSILVAK, AK",-,-,10 or fewer
,"DILLINGHAM, AK",-,-,10 or fewer
,"GREENE, AL",25.96%,27.88%,104
,"WALKER, AL",25.00%,31.45%,124
,"ALEUTIANS WEST, AK",-,-,10 or fewer
,"CHOCTAW, AL",18.22%,24.33%,785
,"SUMTER, AL",21.27%,29.86%,442
,"JACKSON, AR",16.70%,23.80%,437
,"WINSTON, AL",-,25.86%,58
,"MARENGO, AL",10.10%,18.18%,198
,"MARION, AL",12.19%,15.59%,853
,"KENT, DE",14.16%,18.74%,10936
,"APACHE, AZ",10.08%,24.37%,119
,"MOBILE, AL",12.50%,20.69%,15987
,"HALE, AL",12.40%,20.16%,129
,"WASHINGTON, AL",10.45%,20.29%,488
,"DEL NORTE, CA",17.45%,20.41%,877
,"FAYETTE, AL",-,21.67%,60
,"CLARKE, AL",12.20%,25.70%,533
,"MONROE, AR",12.94%,20.74%,487
,"LOGAN, CO",10.80%,17.01%,435
,"POINSETT, AR",13.40%,20.09%,1493
,"TUSCALOOSA, AL",19.12%,24.06%,1496
,"OUACHITA, AR",15.25%,19.49%,1298
,"COFFEE, AL",11.85%,18.05%,2033
,"MISSISSIPPI, AR",13.22%,19.94%,1414
,"MODOC, CA",-,-,41
,"SUSSEX, DE",12.24%,17.86%,11724
,"ARKANSAS, AR",13.52%,18.39%,1539
,"PHILLIPS, AR",13.51%,23.12%,385
,"MILLER, AR",13.99%,22.67%,772
,"SAINT FRANCIS, AR",13.22%,23.09%,537
,"SCOTT, AR",15.68%,23.08%,338
,"LOGAN, AR",14.87%,21.84%,632
,"PICKENS, AL",10.21%,18.90%,529
,"WILCOX, AL",11.46%,27.08%,96
,"SHARP, AR",10.38%,18.73%,395
,"PRAIRIE, AR",11.19%,16.79%,536
,"LAFAYETTE, AR",19.44%,38.89%,72
,"SKAGWAY, AK",-,-,10 or fewer
,"GRAHAM, AZ",15.60%,17.43%,109
,"JEFFERSON, AR",13.59%,22.70%,2560
,"COLUMBIA, AR",15.95%,25.71%,420
,"SEBASTIAN, AR",14.24%,20.44%,6336
,"JOHNSON, AR",15.36%,20.87%,690
,"BIBB, AL",-,-,27
,"LA PAZ, AZ",-,-,47
,"FRANKLIN, AL",10.74%,14.77%,149
,"LAWRENCE, AR",12.71%,20.81%,543
,"DALLAS, AR",12.30%,19.67%,244
,"COCHISE, AZ",10.42%,15.92%,710
,"PERRY, AL",-,-,18
,"CRAIGHEAD, AR",13.06%,17.51%,6823
,"BUTLER, AL",-,27.45%,51
,"LAMAR, AL",11.71%,18.22%,538
,"NEVADA, AR",11.60%,19.85%,388
,"MONROE, AL",6.77%,20.68%,532
,"CLARK, AR",11.87%,18.43%,1601
,"INDEPENDENCE, AR",13.09%,21.34%,764
,"CALHOUN, AR",7.98%,14.11%,163
,"PIMA, AZ",14.40%,18.56%,30311
,"SANTA BARBARA, CA",13.47%,20.49%,3905
,"CHAMBERS, AL",10.90%,21.39%,734
,"KODIAK ISLAND, AK",15.85%,19.06%,467
,"CLAY, AR",11.89%,19.17%,412
,"COLBERT, AL",-,18.37%,98
,"NAVAJO, AZ",7.42%,15.28%,229
,"LAUDERDALE, AL",-,20.00%,65
,"CONECUH, AL",10.20%,22.45%,245
,"CRAWFORD, AR",10.90%,17.41%,3751
,"SAN FRANCISCO, CA",10.37%,13.55%,27512
,"FULTON, AR",10.78%,21.57%,102
,"SIERRA, CA",-,-,59
,"CRITTENDEN, AR",12.09%,19.23%,2730
,"PERRY, AR",11.89%,19.28%,555
,"ALPINE, CA",-,-,12
,"LEE, AR",7.07%,20.20%,198
,"IMPERIAL, CA",7.48%,17.95%,1671
,"RANDOLPH, AL",6.32%,16.48%,443
,"GREENE, AR",10.31%,17.86%,2066
,"JACKSON, AL",7.98%,20.42%,426
,"WASHINGTON, CO",-,-,73
,"GENEVA, AL",8.74%,17.86%,1030
,"COVINGTON, AL",13.16%,26.75%,228
,"SANTA CRUZ, AZ",11.30%,18.27%,301
,"FRANKLIN, AR",8.88%,13.90%,518
,"PIKE, AL",10.04%,23.14%,229
,"MONTEREY, CA",13.34%,17.88%,17043
,"CLEBURNE, AR",8.43%,13.93%,1838
,"JACKSON, CO",-,-,65
,"LASSEN, CA",7.50%,12.86%,560
,"GREENLEE, AZ",-,-,35
,"LAWRENCE, AL",-,-,13
,"SEDGWICK, CO",-,20.00%,55
,"HOUSTON, AL",8.89%,18.13%,5456
,"DALE, AL",8.82%,17.32%,1588
,"GILA, AZ",8.16%,11.84%,245
,"BALDWIN, AL",7.29%,15.81%,12538
,"SOUTHEAST FAIRBANKS, AK",-,-,10 or fewer
,"ALAMEDA, CA",10.73%,15.75%,52288
,"DALLAS, AL",-,-,16
,"LOWNDES, AL",-,-,10 or fewer
,"PLUMAS, CA",5.42%,10.84%,203
,"CROSS, AR",11.61%,19.35%,672
,"IZARD, AR",9.79%,17.48%,143
,"CROWLEY, CO",8.46%,14.62%,130
,"ESCAMBIA, AL",8.03%,19.94%,722
,"MIDDLESEX, CT",6.94%,11.35%,11515
,"MORGAN, AL",-,-,82
,"MOHAVE, AZ",7.61%,15.21%,355
,"HUMBOLDT, CA",10.14%,12.41%,7725
,"AUTAUGA, AL",-,-,45
,"BARBOUR, AL",6.94%,19.84%,504
,"CONTRA COSTA, CA",12.08%,16.42%,32662
,"PHILLIPS, CO",11.11%,22.22%,99
,"MARICOPA, AZ",8.38%,11.90%,96088
,"LONOKE, AR",7.77%,15.27%,4838
,"TRINITY, CA",-,-,68
,"WHITE, AR",9.18%,17.50%,2212
,"COSTILLA, CO",-,-,52
,"MADISON, AL",9.46%,15.46%,317
,"YUMA, AZ",6.32%,11.21%,348
,"SAN JUAN, CO",-,-,10 or fewer
,"LITTLE RIVER, AR",10.10%,25.00%,208
,"SAN BERNARDINO, CA",9.63%,18.11%,35310
,"MOFFAT, CO",8.30%,11.13%,952
,"HOT SPRING, AR",7.48%,16.99%,1778
,"SALINE, AR",7.43%,14.14%,7213
,"HEMPSTEAD, AR",8.70%,18.32%,322
,"KERN, CA",13.36%,23.30%,16304
,"SOLANO, CA",11.61%,20.54%,4962
,"HENRY, AL",7.84%,19.03%,804
,"CRENSHAW, AL",-,-,54
,"INYO, CA",-,14.29%,119
,"MESA, CO",8.09%,12.48%,5799
,"PULASKI, AR",9.38%,16.83%,24801
,"OTERO, CO",9.40%,21.40%,500
,"MONTGOMERY, AL",6.49%,16.76%,185
,"VAN BUREN, AR",5.38%,15.21%,539
,"TALLAPOOSA, AL",-,-,64
,"NORTH SLOPE, AK",-,-,10 or fewer
,"RANDOLPH, AR",5.08%,16.24%,394
,"BACA, CO",-,28.57%,49
,"MORGAN, CO",8.48%,15.74%,578
,"ELMORE, AL",-,-,78
,"PUEBLO, CO",6.32%,16.26%,7704
,"NEW LONDON, CT",6.90%,13.20%,14861
,"LINCOLN, CO",-,-,56
,"PROWERS, CO",9.22%,20.74%,217
,"WOODRUFF, AR",9.66%,19.31%,145
,"WELD, CO",8.43%,12.92%,21045
,"HUERFANO, CO",-,15.43%,175
,"RIO GRANDE, CO",10.48%,19.35%,124
,"DESHA, AR",5.56%,15.66%,198
,"BENT, CO",8.53%,21.71%,129
,"RIO BLANCO, CO",-,-,79
,"LIMESTONE, AL",-,-,81
,"NEW HAVEN, CT",6.34%,13.84%,22199
,"WINDHAM, CT",6.00%,14.26%,7365
,"FRESNO, CA",9.30%,19.61%,51775
,"CHEROKEE, AL",3.01%,16.29%,399
,"SAN DIEGO, CA",5.93%,9.96%,123962
,"PIKE, AR",7.60%,17.54%,171
,"FAIRFIELD, CT",5.85%,11.35%,25507
,"TELLER, CO",5.27%,9.22%,1746
,"SISKIYOU, CA",-,12.15%,107
,"CLEVELAND, AR",8.23%,18.61%,231
,"MATANUSKA SUSITNA, AK",-,-,61
,"LAS ANIMAS, CO",6.88%,12.81%,320
,"LINCOLN, AR",4.95%,15.77%,222
,"FREMONT, CO",4.74%,10.75%,865
,"GRANT, AR",6.37%,15.99%,863
,"MINERAL, CO",-,-,10 or fewer
,"SANTA CRUZ, CA",8.60%,12.73%,5277
,"PETERSBURG, AK",-,-,10 or fewer
,"WRANGELL, AK",-,-,10 or fewer
,"SAN BENITO, CA",7.85%,13.67%,1134
,"MARION, AR",-,15.38%,78
,"KIOWA, CO",-,-,25
,"DENVER, CO",9.54%,13.20%,36996
,"STONE, AR",-,18.32%,131
,"LARIMER, CO",5.28%,7.67%,27461
,"SHASTA, CA",5.59%,11.86%,590
,"LAKE, CA",10.59%,16.93%,963
,"CHILTON, AL",-,-,32
,"RIVERSIDE, CA",6.33%,16.55%,59711
,"KENAI PENINSULA, AK",-,-,56
,"HOWARD, AR",-,13.70%,146
,"YELL, AR",7.41%,18.83%,324
,"SONOMA, CA",9.94%,18.59%,10321
,"ADAMS, CO",9.45%,14.87%,17735
,"CHICOT, AR",8.33%,21.79%,156
,"HARTFORD, CT",6.05%,12.74%,53579
,"SHELBY, AL",7.74%,14.84%,155
,"PARK, CO",5.26%,12.69%,323
,"CONEJOS, CO",-,19.30%,57
,"LITCHFIELD, CT",4.98%,12.09%,8206
,"SANTA CLARA, CA",6.18%,11.49%,51839
,"MENDOCINO, CA",8.69%,15.28%,2703
,"MONTEZUMA, CO",-,16.47%,85
,"JEFFERSON, AL",5.13%,14.19%,585
,"ASHLEY, AR",4.05%,12.97%,370
,"FAULKNER, AR",6.53%,15.38%,4812
,"BETHEL, AK",-,-,11
,"FAIRBANKS NORTH STAR, AK",-,-,73
,"ARAPAHOE, CO",7.93%,13.50%,23858
,"UNION, AR",6.20%,15.11%,920
,"YUMA, CO",-,12.99%,154
,"RUSSELL, AL",6.59%,17.96%,167
,"ALAMOSA, CO",-,20.75%,106
,"NORTHWEST ARCTIC, AK",-,-,10 or fewer
,"CONWAY, AR",4.46%,13.54%,650
,"BRADLEY, AR",-,17.21%,244
,"BROOMFIELD, CO",5.22%,7.43%,3676
,"PINAL, AZ",7.45%,11.20%,3838
,"CHEYENNE, CO",-,-,20
,"YAVAPAI, AZ",4.68%,7.77%,1325
,"SAINT CLAIR, AL",-,22.41%,174
,"MARIN, CA",9.60%,13.96%,5759
,"MONO, CA",-,-,72
,"KIT CARSON, CO",-,15.91%,88
,"LEE, AL",3.98%,13.82%,427
,"TOLLAND, CT",4.62%,10.86%,7401
,"BULLOCK, AL",-,-,32
,"GILPIN, CO",-,5.83%,223
,"CULLMAN, AL",-,14.50%,131
,"CUSTER, CO",-,-,127
,"BAXTER, AR",-,15.26%,190
,"GARLAND, AR",5.25%,13.71%,1182
,"EL PASO, CO",5.05%,10.07%,40431
,"JUNEAU, AK",-,-,46
,"POPE, AR",5.11%,17.18%,1077
,"SEARCY, AR",-,-,94
,"SAN MATEO, CA",4.28%,9.66%,17860
,"ELBERT, CO",4.47%,7.44%,739
,"BOULDER, CO",3.41%,5.20%,23541
,"BOONE, AR",-,14.52%,124
,"POLK, AR",-,12.89%,194
,"JEFFERSON, CO",5.57%,9.34%,16399
,"NEW CASTLE, DE",7.43%,11.99%,11120
,"ANCHORAGE, AK",-,9.79%,194
,"SEVIER, AR",-,19.20%,125
,"CHAFFEE, CO",-,-,215
,"MONTROSE, CO",5.36%,11.31%,336
,"HOONAH ANGOON, AK",-,-,10 or fewer
,"MONTGOMERY, AR",-,-,81
,"MADERA, CA",5.16%,14.45%,4905
,"DREW, AR",4.06%,13.09%,443
,"DELTA, CO",4.62%,8.97%,368
,"NAPA, CA",6.07%,14.72%,659
,"WASHINGTON, AR",11.09%,15.43%,1542
,"SAGUACHE, CO",-,-,38
,"SACRAMENTO, CA",5.26%,14.92%,24871
,"TUOLUMNE, CA",-,7.35%,245
,"NOME, AK",-,-,10 or fewer
,"DOUGLAS, CO",4.05%,6.67%,15884
,"CLAY, AL",-,20.00%,85
,"HINSDALE, CO",-,-,10 or fewer
,"MERCED, CA",6.86%,15.81%,2303
,"COOSA, AL",-,-,15
,"KETCHIKAN GATEWAY, AK",-,-,21
,"VALDEZ CORDOVA, AK",-,-,10 or fewer
,"NEWTON, AR",-,-,37
,"SITKA, AK",-,-,16
,"MARIPOSA, CA",-,10.12%,168
,"ORANGE, CA",3.48%,11.73%,66095
,"SAN JOAQUIN, CA",3.11%,20.28%,11759
,"CLEBURNE, AL",3.83%,24.92%,313
,"ROUTT, CO",1.84%,3.12%,2337
,"GUNNISON, CO",-,7.73%,194
,"SAN LUIS OBISPO, CA",2.28%,5.35%,747
,"DENALI, AK",-,-,10 or fewer
,"CARROLL, AR",-,-,78
,"GRAND, CO",3.23%,4.99%,341
,"KINGS, CA",3.70%,13.83%,1728
,"GARFIELD, CO",3.29%,8.53%,516
,"MARSHALL, AL",-,28.95%,373
,"HAINES, AK",-,-,10 or fewer
,"YUBA, CA",3.75%,15.27%,347
,"TULARE, CA",3.43%,12.62%,3844
,"LAKE, CO",-,-,58
,"CLEAR CREEK, CO",-,-,131
,"MADISON, AR",-,18.03%,61
,"ARCHULETA, CO",-,-,52
,"TEHAMA, CA",-,-,105
,"NEVADA, CA",-,3.46%,578
,"CALHOUN, AL",2.24%,22.64%,848
,"LA PLATA, CO",-,8.14%,221
,"COCONINO, AZ",2.44%,6.10%,574
,"YOLO, CA",3.34%,9.60%,1885
,"EAGLE, CO",-,5.13%,468
,"DOLORES, CO",-,-,16
,"SUTTER, CA",-,13.92%,309
,"STANISLAUS, CA",2.67%,17.15%,3113
,"BENTON, AR",5.25%,11.40%,1105
,"AMADOR, CA",-,7.17%,265
,"TALLADEGA, AL",-,27.19%,331
,"SUMMIT, CO",-,7.11%,253
,"CALAVERAS, CA",-,8.71%,310
,"LOS ANGELES, CA",2.81%,16.62%,57487
,"PRINCE OF WALES HYDER, AK",-,-,10 or fewer
,"BUTTE, CA",2.60%,7.32%,615
,"COLUSA, CA",-,-,79
,"MACON, AL",-,25.74%,136
,"PITKIN, CO",-,1.70%,704
,"EL DORADO, CA",1.07%,4.49%,3276
,"PLACER, CA",1.26%,6.66%,3726
,"GLENN, CA",-,-,50
,"ETOWAH, AL",1.55%,23.60%,1161
,"BLOUNT, AL",-,30.82%,159
,"OURAY, CO",-,-,45
,"SAN MIGUEL, CO",-,-,143
,"VENTURA, CA",1.35%,4.79%,2589
,"ALEUTIANS EAST, AK",-,-,10 or fewer
,"BRISTOL BAY, AK",-,-,10 or fewer
,"LAKE AND PENINSULA, AK",-,-,10 or fewer
,"YAKUTAT, AK",-,-,10 or fewer
,"YUKON KOYUKUK, AK",-,-,10 or fewer
,None of the above,5.34%,10.66%,275737
,Total,7.18%,13.41%,1735856
≥ 55 and < 65 Years,"KUSILVAK, AK",-,-,10 or fewer
,"DILLINGHAM, AK",-,-,10 or fewer
,"GREENE, AL",30.00%,37.50%,160
,"WALKER, AL",21.79%,30.77%,156
,"ALEUTIANS WEST, AK",-,-,16
,"CHOCTAW, AL",21.30%,32.99%,1061
,"SUMTER, AL",20.99%,35.54%,543
,"JACKSON, AR",21.76%,32.32%,625
,"WINSTON, AL",20.27%,25.68%,74
,"MARENGO, AL",20.98%,33.17%,205
,"MARION, AL",18.91%,23.97%,1047
,"KENT, DE",21.96%,29.05%,14077
,"APACHE, AZ",19.89%,30.39%,181
,"MOBILE, AL",16.96%,27.95%,18900
,"HALE, AL",20.63%,28.04%,189
,"WASHINGTON, AL",15.55%,29.69%,714
,"DEL NORTE, CA",22.87%,27.73%,1172
,"FAYETTE, AL",20.48%,27.71%,83
,"CLARKE, AL",13.38%,29.09%,777
,"MONROE, AR",16.45%,26.79%,754
,"LOGAN, CO",15.13%,23.06%,707
,"POINSETT, AR",20.00%,26.73%,1635
,"TUSCALOOSA, AL",21.84%,26.58%,1456
,"OUACHITA, AR",18.03%,24.84%,1675
,"COFFEE, AL",16.86%,26.26%,2479
,"MISSISSIPPI, AR",17.72%,28.33%,1687
,"MODOC, CA",-,18.69%,107
,"SUSSEX, DE",15.36%,22.58%,19599
,"ARKANSAS, AR",18.42%,25.30%,1672
,"PHILLIPS, AR",15.96%,30.00%,570
,"MILLER, AR",15.82%,26.33%,942
,"SAINT FRANCIS, AR",13.38%,28.28%,725
,"SCOTT, AR",16.85%,25.72%,451
,"LOGAN, AR",15.76%,25.62%,882
,"PICKENS, AL",15.43%,27.37%,687
,"WILCOX, AL",10.09%,33.03%,109
,"SHARP, AR",14.17%,24.50%,600
,"PRAIRIE, AR",16.32%,25.07%,674
,"LAFAYETTE, AR",16.00%,26.40%,125
,"SKAGWAY, AK",-,-,10 or fewer
,"GRAHAM, AZ",9.55%,19.11%,157
,"JEFFERSON, AR",17.93%,31.70%,3290
,"COLUMBIA, AR",18.63%,29.91%,585
,"SEBASTIAN, AR",17.42%,26.85%,7252
,"JOHNSON, AR",17.33%,27.48%,848
,"BIBB, AL",-,-,24
,"LA PAZ, AZ",9.93%,17.02%,141
,"FRANKLIN, AL",15.46%,23.67%,207
,"LAWRENCE, AR",14.06%,23.87%,683
,"DALLAS, AR",13.50%,25.62%,363
,"COCHISE, AZ",12.77%,19.08%,1237
,"PERRY, AL",-,-,23
,"CRAIGHEAD, AR",19.08%,25.98%,6348
,"BUTLER, AL",18.06%,29.17%,72
,"LAMAR, AL",12.30%,22.72%,691
,"NEVADA, AR",13.45%,21.25%,513
,"MONROE, AL",11.95%,24.61%,711
,"CLARK, AR",15.33%,24.33%,1833
,"INDEPENDENCE, AR",11.47%,20.87%,968
,"CALHOUN, AR",14.55%,31.82%,220
,"PIMA, AZ",17.87%,23.52%,35972
,"SANTA BARBARA, CA",21.70%,31.41%,3996
,"CHAMBERS, AL",11.76%,26.31%,859
,"KODIAK ISLAND, AK",18.91%,25.39%,571
,"CLAY, AR",12.82%,23.47%,554
,"COLBERT, AL",12.22%,20.00%,90
,"NAVAJO, AZ",10.00%,19.12%,340
,"LAUDERDALE, AL",13.41%,18.29%,82
,"CONECUH, AL",12.15%,30.79%,354
,"CRAWFORD, AR",14.91%,24.28%,4460
,"SAN FRANCISCO, CA",16.65%,21.82%,29365
,"FULTON, AR",15.64%,27.37%,179
,"SIERRA, CA",-,-,59
,"CRITTENDEN, AR",15.17%,24.73%,2992
,"PERRY, AR",13.18%,25.69%,759
,"ALPINE, CA",-,-,21
,"LEE, AR",11.55%,27.09%,251
,"IMPERIAL, CA",10.45%,24.56%,2402
,"RANDOLPH, AL",11.62%,26.77%,594
,"GREENE, AR",14.16%,24.24%,2112
,"JACKSON, AL",9.51%,24.31%,547
,"WASHINGTON, CO",8.22%,17.12%,146
,"GENEVA, AL",12.65%,24.28%,1454
,"COVINGTON, AL",8.97%,24.36%,390
,"SANTA CRUZ, AZ",16.39%,21.78%,427
,"FRANKLIN, AR",12.27%,22.27%,660
,"PIKE, AL",9.94%,24.68%,312
,"MONTEREY, CA",18.04%,24.29%,17236
,"CLEBURNE, AR",11.12%,19.17%,2734
,"JACKSON, CO",11.46%,15.63%,96
,"LASSEN, CA",10.97%,16.74%,729
,"GREENLEE, AZ",-,34.15%,41
,"LAWRENCE, AL",-,-,27
,"SEDGWICK, CO",16.09%,25.29%,87
,"HOUSTON, AL",10.65%,24.29%,6724
,"DALE, AL",9.51%,23.52%,2177
,"GILA, AZ",7.93%,12.73%,479
,"BALDWIN, AL",10.13%,20.81%,15347
,"SOUTHEAST FAIRBANKS, AK",-,-,10 or fewer
,"ALAMEDA, CA",15.45%,23.31%,52442
,"DALLAS, AL",-,-,29
,"LOWNDES, AL",-,-,10 or fewer
,"PLUMAS, CA",9.80%,13.54%,347
,"CROSS, AR",11.59%,23.75%,699
,"IZARD, AR",9.01%,18.47%,222
,"CROWLEY, CO",11.86%,23.16%,177
,"ESCAMBIA, AL",13.48%,30.18%,868
,"MIDDLESEX, CT",10.28%,16.73%,16365
,"MORGAN, AL",13.33%,24.44%,90
,"MOHAVE, AZ",9.09%,15.57%,803
,"HUMBOLDT, CA",15.01%,18.45%,7727
,"AUTAUGA, AL",-,26.87%,67
,"BARBOUR, AL",7.81%,23.80%,794
,"CONTRA COSTA, CA",18.43%,24.43%,32945
,"PHILLIPS, CO",-,15.63%,128
,"MARICOPA, AZ",10.71%,16.05%,111827
,"LONOKE, AR",10.90%,22.07%,5495
,"TRINITY, CA",11.11%,13.33%,135
,"WHITE, AR",10.19%,20.71%,2631
,"COSTILLA, CO",11.70%,21.28%,94
,"MADISON, AL",10.39%,19.48%,385
,"YUMA, AZ",8.50%,18.99%,553
,"SAN JUAN, CO",-,-,10 or fewer
,"LITTLE RIVER, AR",7.14%,23.02%,252
,"SAN BERNARDINO, CA",14.00%,26.06%,39729
,"MOFFAT, CO",11.85%,16.71%,1089
,"HOT SPRING, AR",11.65%,23.01%,2112
,"SALINE, AR",11.19%,20.88%,7504
,"HEMPSTEAD, AR",10.89%,22.28%,395
,"KERN, CA",18.71%,32.08%,15531
,"SOLANO, CA",15.46%,27.26%,5642
,"HENRY, AL",8.46%,21.51%,981
,"CRENSHAW, AL",-,17.20%,93
,"INYO, CA",10.85%,16.51%,212
,"MESA, CO",11.06%,17.40%,7741
,"PULASKI, AR",11.86%,22.29%,27090
,"OTERO, CO",9.41%,25.04%,659
,"MONTGOMERY, AL",10.12%,23.48%,247
,"VAN BUREN, AR",8.23%,20.67%,924
,"TALLAPOOSA, AL",-,17.39%,92
,"NORTH SLOPE, AK",-,-,10 or fewer
,"RANDOLPH, AR",9.58%,25.23%,543
,"BACA, CO",-,15.38%,91
,"MORGAN, CO",11.97%,22.39%,844
,"ELMORE, AL",-,15.93%,113
,"PUEBLO, CO",8.79%,21.76%,9507
,"NEW LONDON, CT",9.79%,18.32%,20477
,"LINCOLN, CO",17.65%,27.06%,85
,"PROWERS, CO",9.48%,23.56%,348
,"WOODRUFF, AR",9.60%,19.21%,177
,"WELD, CO",12.32%,18.12%,20989
,"HUERFANO, CO",6.67%,16.67%,360
,"RIO GRANDE, CO",9.73%,18.14%,226
,"DESHA, AR",5.88%,19.28%,306
,"BENT, CO",7.34%,19.77%,177
,"RIO BLANCO, CO",12.62%,15.53%,103
,"LIMESTONE, AL",-,16.67%,102
,"NEW HAVEN, CT",9.63%,20.00%,27447
,"WINDHAM, CT",9.54%,20.98%,9238
,"FRESNO, CA",12.02%,27.04%,55562
,"CHEROKEE, AL",6.68%,20.92%,674
,"SAN DIEGO, CA",9.31%,15.81%,130750
,"PIKE, AR",9.05%,17.28%,243
,"FAIRFIELD, CT",9.11%,17.41%,30427
,"TELLER, CO",7.29%,13.00%,2607
,"SISKIYOU, CA",9.84%,16.06%,193
,"CLEVELAND, AR",6.74%,21.28%,282
,"MATANUSKA SUSITNA, AK",10.48%,16.13%,124
,"LAS ANIMAS, CO",7.48%,18.07%,548
,"LINCOLN, AR",8.78%,19.12%,319
,"FREMONT, CO",7.20%,16.78%,1430
,"GRANT, AR",8.34%,21.03%,1151
,"MINERAL, CO",-,-,22
,"SANTA CRUZ, CA",11.08%,16.40%,5965
,"PETERSBURG, AK",-,-,15
,"WRANGELL, AK",-,-,12
,"SAN BENITO, CA",10.50%,20.14%,1390
,"MARION, AR",10.48%,17.74%,124
,"KIOWA, CO",-,20.75%,53
,"DENVER, CO",15.18%,21.44%,30611
,"STONE, AR",8.04%,18.75%,224
,"LARIMER, CO",8.39%,11.90%,29049
,"SHASTA, CA",11.65%,15.85%,738
,"LAKE, CA",9.47%,18.86%,1140
,"CHILTON, AL",-,-,28
,"RIVERSIDE, CA",8.64%,21.99%,73238
,"KENAI PENINSULA, AK",-,-,108
,"HOWARD, AR",10.71%,24.49%,196
,"YELL, AR",7.06%,19.21%,453
,"SONOMA, CA",12.85%,24.69%,9878
,"ADAMS, CO",13.43%,22.02%,16223
,"CHICOT, AR",6.61%,23.35%,257
,"HARTFORD, CT",8.80%,19.25%,62379
,"SHELBY, AL",5.79%,14.21%,190
,"PARK, CO",5.97%,12.69%,536
,"CONEJOS, CO",-,13.48%,89
,"LITCHFIELD, CT",7.06%,16.22%,11626
,"SANTA CLARA, CA",8.77%,17.25%,50944
,"MENDOCINO, CA",12.02%,21.95%,2588
,"MONTEZUMA, CO",-,11.56%,147
,"JEFFERSON, AL",8.92%,20.07%,583
,"ASHLEY, AR",5.30%,16.70%,491
,"FAULKNER, AR",8.36%,20.30%,5645
,"BETHEL, AK",-,-,10 or fewer
,"FAIRBANKS NORTH STAR, AK",-,14.58%,96
,"ARAPAHOE, CO",11.51%,20.47%,21075
,"UNION, AR",7.14%,18.80%,1064
,"YUMA, CO",9.46%,14.41%,222
,"RUSSELL, AL",9.28%,29.38%,194
,"ALAMOSA, CO",9.18%,22.22%,207
,"NORTHWEST ARCTIC, AK",-,-,10 or fewer
,"CONWAY, AR",7.40%,20.35%,811
,"BRADLEY, AR",6.36%,21.52%,330
,"BROOMFIELD, CO",7.89%,12.24%,3448
,"PINAL, AZ",9.43%,15.75%,4399
,"CHEYENNE, CO",-,-,42
,"YAVAPAI, AZ",4.95%,9.90%,2485
,"SAINT CLAIR, AL",-,31.21%,141
,"MARIN, CA",11.49%,17.26%,5098
,"MONO, CA",-,-,111
,"KIT CARSON, CO",-,17.07%,82
,"LEE, AL",6.56%,17.62%,488
,"TOLLAND, CT",6.72%,15.05%,10034
,"BULLOCK, AL",-,-,26
,"GILPIN, CO",4.74%,7.91%,253
,"CULLMAN, AL",7.28%,27.15%,151
,"CUSTER, CO",-,10.55%,218
,"BAXTER, AR",7.62%,20.43%,328
,"GARLAND, AR",6.65%,16.01%,1805
,"EL PASO, CO",7.44%,14.73%,42634
,"JUNEAU, AK",-,-,62
,"POPE, AR",5.13%,17.63%,1520
,"SEARCY, AR",-,20.51%,156
,"SAN MATEO, CA",7.89%,15.56%,18026
,"ELBERT, CO",8.28%,11.74%,894
,"BOULDER, CO",5.92%,8.77%,24362
,"BOONE, AR",6.15%,15.90%,195
,"POLK, AR",4.27%,17.79%,281
,"JEFFERSON, CO",8.06%,13.67%,17825
,"NEW CASTLE, DE",10.34%,17.34%,12705
,"ANCHORAGE, AK",-,10.07%,278
,"SEVIER, AR",-,19.72%,142
,"CHAFFEE, CO",3.50%,9.70%,371
,"MONTROSE, CO",7.57%,16.76%,555
,"HOONAH ANGOON, AK",-,-,10 or fewer
,"MONTGOMERY, AR",-,15.27%,131
,"MADERA, CA",7.28%,21.20%,5683
,"DREW, AR",4.83%,17.65%,663
,"DELTA, CO",3.39%,10.68%,590
,"NAPA, CA",7.60%,21.46%,671
,"WASHINGTON, AR",13.69%,20.75%,1658
,"SAGUACHE, CO",-,-,65
,"SACRAMENTO, CA",7.26%,20.93%,26469
,"TUOLUMNE, CA",5.57%,12.76%,431
,"NOME, AK",-,-,10 or fewer
,"DOUGLAS, CO",5.96%,9.93%,14414
,"CLAY, AL",-,28.57%,84
,"HINSDALE, CO",-,-,14
,"MERCED, CA",7.29%,21.41%,2742
,"COOSA, AL",-,-,19
,"KETCHIKAN GATEWAY, AK",-,-,33
,"VALDEZ CORDOVA, AK",-,-,12
,"NEWTON, AR",-,-,60
,"SITKA, AK",-,-,15
,"MARIPOSA, CA",3.59%,10.50%,362
,"ORANGE, CA",5.09%,16.89%,70442
,"SAN JOAQUIN, CA",4.91%,29.90%,14069
,"CLEBURNE, AL",3.21%,33.16%,374
,"ROUTT, CO",4.46%,6.54%,2355
,"GUNNISON, CO",-,9.46%,222
,"SAN LUIS OBISPO, CA",3.39%,8.79%,1445
,"DENALI, AK",-,-,10 or fewer
,"CARROLL, AR",8.80%,20.00%,125
,"GRAND, CO",3.51%,6.14%,456
,"KINGS, CA",4.79%,19.60%,1878
,"GARFIELD, CO",5.42%,11.71%,683
,"MARSHALL, AL",3.68%,34.78%,299
,"HAINES, AK",-,-,10 or fewer
,"YUBA, CA",7.43%,23.98%,417
,"TULARE, CA",5.93%,16.97%,4048
,"LAKE, CO",-,-,62
,"CLEAR CREEK, CO",-,9.35%,139
,"MADISON, AR",-,21.69%,83
,"ARCHULETA, CO",-,9.29%,140
,"TEHAMA, CA",-,17.50%,120
,"NEVADA, CA",1.88%,5.06%,850
,"CALHOUN, AL",2.51%,29.63%,955
,"LA PLATA, CO",3.41%,8.36%,323
,"COCONINO, AZ",3.53%,6.90%,623
,"YOLO, CA",4.57%,14.81%,1796
,"EAGLE, CO",3.91%,6.94%,562
,"DOLORES, CO",-,-,20
,"SUTTER, CA",5.01%,14.16%,339
,"STANISLAUS, CA",3.32%,24.97%,4581
,"BENTON, AR",6.88%,14.24%,1236
,"AMADOR, CA",3.08%,11.15%,520
,"TALLADEGA, AL",-,35.50%,338
,"SUMMIT, CO",-,5.48%,347
,"CALAVERAS, CA",3.01%,13.25%,664
,"LOS ANGELES, CA",3.66%,24.30%,63066
,"PRINCE OF WALES HYDER, AK",-,-,17
,"BUTTE, CA",5.60%,10.04%,697
,"COLUSA, CA",-,18.31%,71
,"MACON, AL",-,25.13%,187
,"PITKIN, CO",1.97%,3.83%,861
,"EL DORADO, CA",1.64%,8.48%,4751
,"PLACER, CA",1.92%,10.35%,4416
,"GLENN, CA",-,-,73
,"ETOWAH, AL",1.31%,30.08%,1220
,"BLOUNT, AL",-,37.25%,153
,"OURAY, CO",-,-,85
,"SAN MIGUEL, CO",-,-,170
,"VENTURA, CA",1.21%,6.16%,3296
,"ALEUTIANS EAST, AK",-,-,10 or fewer
,"BRISTOL BAY, AK",-,-,10 or fewer
,"LAKE AND PENINSULA, AK",-,-,10 or fewer
,"YAKUTAT, AK",-,-,10 or fewer
,"YUKON KOYUKUK, AK",-,-,10 or fewer
,None of the above,8.37%,16.44%,319654
,Total,10.21%,19.35%,1941358
65 Years or more,"KUSILVAK, AK",-,-,10 or fewer
,"DILLINGHAM, AK",-,-,10 or fewer
,"GREENE, AL",23.56%,40.80%,174
,"WALKER, AL",21.62%,27.03%,111
,"ALEUTIANS WEST, AK",-,-,10 or fewer
,"CHOCTAW, AL",25.70%,39.17%,1708
,"SUMTER, AL",23.47%,39.44%,933
,"JACKSON, AR",19.42%,33.33%,1179
,"WINSTON, AL",20.45%,32.95%,88
,"MARENGO, AL",16.62%,36.51%,367
,"MARION, AL",22.01%,28.28%,1945
,"KENT, DE",27.03%,37.77%,24159
,"APACHE, AZ",12.89%,36.05%,380
,"MOBILE, AL",19.95%,33.95%,28206
,"HALE, AL",19.47%,30.09%,226
,"WASHINGTON, AL",19.10%,36.69%,1183
,"DEL NORTE, CA",23.97%,30.41%,1427
,"FAYETTE, AL",-,20.51%,78
,"CLARKE, AL",13.85%,33.57%,1394
,"MONROE, AR",16.56%,31.77%,1196
,"LOGAN, CO",16.76%,23.96%,1653
,"POINSETT, AR",21.46%,32.58%,2446
,"TUSCALOOSA, AL",18.69%,30.07%,1134
,"OUACHITA, AR",17.93%,29.16%,2582
,"COFFEE, AL",18.55%,30.62%,5105
,"MISSISSIPPI, AR",15.27%,31.29%,2371
,"MODOC, CA",12.31%,23.85%,260
,"SUSSEX, DE",17.51%,26.97%,38019
,"ARKANSAS, AR",19.07%,29.95%,2638
,"PHILLIPS, AR",12.55%,28.49%,1004
,"MILLER, AR",17.20%,29.81%,1070
,"SAINT FRANCIS, AR",13.62%,29.04%,1219
,"SCOTT, AR",12.14%,27.03%,725
,"LOGAN, AR",14.17%,27.59%,1341
,"PICKENS, AL",17.23%,32.46%,998
,"WILCOX, AL",13.79%,32.57%,261
,"SHARP, AR",14.44%,27.48%,1219
,"PRAIRIE, AR",15.89%,29.23%,1177
,"LAFAYETTE, AR",11.72%,28.28%,145
,"SKAGWAY, AK",-,-,10 or fewer
,"GRAHAM, AZ",13.50%,25.15%,326
,"JEFFERSON, AR",17.33%,32.89%,5019
,"COLUMBIA, AR",13.66%,28.41%,820
,"SEBASTIAN, AR",16.61%,30.11%,11143
,"JOHNSON, AR",11.77%,24.30%,1181
,"BIBB, AL",-,-,14
,"LA PAZ, AZ",10.03%,22.80%,329
,"FRANKLIN, AL",12.68%,19.47%,339
,"LAWRENCE, AR",14.27%,28.97%,1177
,"DALLAS, AR",12.88%,25.91%,660
,"COCHISE, AZ",11.53%,21.83%,3069
,"PERRY, AL",-,-,25
,"CRAIGHEAD, AR",19.54%,29.14%,9611
,"BUTLER, AL",9.09%,32.23%,121
,"LAMAR, AL",12.19%,26.93%,1296
,"NEVADA, AR",15.17%,26.46%,824
,"MONROE, AL",11.41%,27.48%,1157
,"CLARK, AR",14.21%,26.34%,3208
,"INDEPENDENCE, AR",12.85%,25.17%,1736
,"CALHOUN, AR",13.55%,30.97%,310
,"PIMA, AZ",14.80%,22.65%,67838
,"SANTA BARBARA, CA",21.43%,32.66%,4149
,"CHAMBERS, AL",11.44%,29.12%,1154
,"KODIAK ISLAND, AK",18.37%,24.65%,860
,"CLAY, AR",11.59%,23.89%,992
,"COLBERT, AL",14.45%,27.17%,173
,"NAVAJO, AZ",12.37%,21.01%,695
,"LAUDERDALE, AL",10.60%,17.88%,151
,"CONECUH, AL",9.80%,33.53%,510
,"CRAWFORD, AR",15.89%,29.64%,6893
,"SAN FRANCISCO, CA",20.64%,28.76%,38533
,"FULTON, AR",10.64%,24.47%,282
,"SIERRA, CA",12.15%,17.76%,214
,"CRITTENDEN, AR",15.07%,27.80%,4154
,"PERRY, AR",12.55%,25.53%,1171
,"ALPINE, CA",-,-,61
,"LEE, AR",11.23%,31.10%,463
,"IMPERIAL, CA",10.51%,28.95%,4521
,"RANDOLPH, AL",11.34%,30.31%,838
,"GREENE, AR",15.06%,27.25%,3699
,"JACKSON, AL",11.80%,28.88%,890
,"WASHINGTON, CO",11.11%,19.22%,333
,"GENEVA, AL",10.52%,26.91%,2594
,"COVINGTON, AL",8.72%,24.32%,814
,"SANTA CRUZ, AZ",12.49%,21.22%,985
,"FRANKLIN, AR",13.41%,28.29%,1163
,"PIKE, AL",9.58%,29.24%,595
,"MONTEREY, CA",18.57%,28.09%,23832
,"CLEBURNE, AR",11.24%,22.91%,5381
,"JACKSON, CO",12.06%,19.60%,199
,"LASSEN, CA",10.96%,20.39%,1378
,"GREENLEE, AZ",13.10%,23.81%,84
,"LAWRENCE, AL",-,-,23
,"SEDGWICK, CO",7.82%,17.28%,243
,"HOUSTON, AL",10.19%,28.76%,12051
,"DALE, AL",10.06%,27.45%,3967
,"GILA, AZ",8.68%,19.44%,1152
,"BALDWIN, AL",11.63%,25.88%,29149
,"SOUTHEAST FAIRBANKS, AK",-,-,23
,"ALAMEDA, CA",15.71%,27.04%,78456
,"DALLAS, AL",-,-,49
,"LOWNDES, AL",-,-,15
,"PLUMAS, CA",9.32%,16.51%,1169
,"CROSS, AR",11.20%,25.32%,1161
,"IZARD, AR",10.67%,24.27%,375
,"CROWLEY, CO",10.21%,29.58%,284
,"ESCAMBIA, AL",11.70%,29.51%,1325
,"MIDDLESEX, CT",14.38%,24.20%,26564
,"MORGAN, AL",10.78%,22.55%,102
,"MOHAVE, AZ",7.69%,16.72%,1717
,"HUMBOLDT, CA",14.62%,19.64%,11652
,"AUTAUGA, AL",-,32.86%,70
,"BARBOUR, AL",7.50%,28.53%,1679
,"CONTRA COSTA, CA",17.24%,25.52%,46495
,"PHILLIPS, CO",9.49%,18.98%,295
,"MARICOPA, AZ",10.69%,19.03%,192649
,"LONOKE, AR",13.86%,27.31%,8340
,"TRINITY, CA",13.04%,15.42%,253
,"WHITE, AR",11.06%,23.90%,4016
,"COSTILLA, CO",10.88%,22.45%,147
,"MADISON, AL",10.09%,20.35%,565
,"YUMA, AZ",8.68%,19.30%,1290
,"SAN JUAN, CO",-,-,14
,"LITTLE RIVER, AR",11.95%,27.09%,251
,"SAN BERNARDINO, CA",13.58%,27.41%,52533
,"MOFFAT, CO",16.17%,22.72%,1602
,"HOT SPRING, AR",10.75%,25.32%,3582
,"SALINE, AR",12.66%,24.46%,11662
,"HEMPSTEAD, AR",9.45%,25.54%,603
,"KERN, CA",16.34%,30.80%,14411
,"SOLANO, CA",13.98%,29.04%,7737
,"HENRY, AL",8.19%,29.15%,2199
,"CRENSHAW, AL",7.74%,23.81%,168
,"INYO, CA",6.01%,14.78%,582
,"MESA, CO",9.35%,18.09%,14796
,"PULASKI, AR",11.90%,25.17%,45922
,"OTERO, CO",8.54%,23.08%,1300
,"MONTGOMERY, AL",10.53%,21.71%,304
,"VAN BUREN, AR",8.51%,22.27%,1904
,"TALLAPOOSA, AL",-,22.02%,109
,"NORTH SLOPE, AK",-,-,10 or fewer
,"RANDOLPH, AR",8.98%,24.42%,991
,"BACA, CO",9.20%,20.80%,250
,"MORGAN, CO",9.64%,22.12%,1691
,"ELMORE, AL",10.43%,20.00%,115
,"PUEBLO, CO",11.54%,27.34%,17986
,"NEW LONDON, CT",12.32%,24.16%,29627
,"LINCOLN, CO",9.49%,21.52%,158
,"PROWERS, CO",9.04%,26.50%,785
,"WOODRUFF, AR",7.16%,20.69%,377
,"WELD, CO",15.62%,23.69%,32386
,"HUERFANO, CO",8.22%,18.98%,864
,"RIO GRANDE, CO",7.05%,17.62%,369
,"DESHA, AR",8.43%,26.16%,581
,"BENT, CO",7.05%,22.44%,312
,"RIO BLANCO, CO",6.25%,14.06%,192
,"LIMESTONE, AL",13.42%,26.85%,149
,"NEW HAVEN, CT",12.33%,25.76%,40373
,"WINDHAM, CT",11.99%,26.62%,13642
,"FRESNO, CA",10.84%,31.37%,83855
,"CHEROKEE, AL",7.31%,25.06%,1313
,"SAN DIEGO, CA",11.89%,22.11%,216465
,"PIKE, AR",9.17%,21.70%,447
,"FAIRFIELD, CT",11.30%,23.68%,43601
,"TELLER, CO",9.57%,18.27%,4537
,"SISKIYOU, CA",8.64%,15.88%,359
,"CLEVELAND, AR",10.49%,28.35%,515
,"MATANUSKA SUSITNA, AK",9.31%,18.14%,204
,"LAS ANIMAS, CO",7.13%,20.73%,1206
,"LINCOLN, AR",8.23%,27.01%,559
,"FREMONT, CO",8.17%,18.87%,2814
,"GRANT, AR",9.27%,24.71%,1833
,"MINERAL, CO",-,-,36
,"SANTA CRUZ, CA",9.06%,15.75%,8719
,"PETERSBURG, AK",-,-,56
,"WRANGELL, AK",-,-,16
,"SAN BENITO, CA",8.38%,20.86%,2004
,"MARION, AR",5.98%,17.93%,184
,"KIOWA, CO",-,16.13%,124
,"DENVER, CO",15.41%,24.69%,40353
,"STONE, AR",4.86%,18.52%,432
,"LARIMER, CO",11.90%,17.56%,53323
,"SHASTA, CA",11.43%,18.73%,1671
,"LAKE, CA",10.47%,20.20%,1490
,"CHILTON, AL",-,-,31
,"RIVERSIDE, CA",9.29%,23.04%,123474
,"KENAI PENINSULA, AK",7.75%,15.12%,258
,"HOWARD, AR",9.42%,29.35%,276
,"YELL, AR",7.08%,21.67%,706
,"SONOMA, CA",11.64%,23.83%,11548
,"ADAMS, CO",14.01%,26.17%,20722
,"CHICOT, AR",5.90%,22.71%,458
,"HARTFORD, CT",11.44%,26.39%,93068
,"SHELBY, AL",10.04%,19.31%,259
,"PARK, CO",8.78%,15.31%,797
,"CONEJOS, CO",9.49%,25.32%,158
,"LITCHFIELD, CT",9.29%,21.67%,18397
,"SANTA CLARA, CA",10.47%,22.94%,83522
,"MENDOCINO, CA",10.35%,19.55%,3979
,"MONTEZUMA, CO",7.29%,15.81%,329
,"JEFFERSON, AL",8.77%,19.67%,661
,"ASHLEY, AR",6.77%,23.84%,1078
,"FAULKNER, AR",8.43%,22.91%,9067
,"BETHEL, AK",-,-,10 or fewer
,"FAIRBANKS NORTH STAR, AK",7.11%,13.44%,253
,"ARAPAHOE, CO",12.38%,23.47%,31773
,"UNION, AR",5.07%,20.47%,1754
,"YUMA, CO",6.27%,14.46%,574
,"RUSSELL, AL",6.48%,22.18%,293
,"ALAMOSA, CO",7.03%,18.21%,313
,"NORTHWEST ARCTIC, AK",-,-,10 or fewer
,"CONWAY, AR",5.47%,21.43%,1535
,"BRADLEY, AR",5.46%,21.48%,568
,"BROOMFIELD, CO",9.72%,16.58%,6351
,"PINAL, AZ",7.41%,15.27%,7540
,"CHEYENNE, CO",-,17.11%,76
,"YAVAPAI, AZ",4.93%,11.94%,5939
,"SAINT CLAIR, AL",10.83%,30.00%,120
,"MARIN, CA",8.60%,14.65%,6547
,"MONO, CA",4.49%,13.88%,245
,"KIT CARSON, CO",8.14%,15.70%,172
,"LEE, AL",5.82%,17.46%,670
,"TOLLAND, CT",8.47%,21.64%,15357
,"BULLOCK, AL",-,-,28
,"GILPIN, CO",8.63%,14.29%,336
,"CULLMAN, AL",-,32.48%,117
,"CUSTER, CO",4.71%,11.68%,531
,"BAXTER, AR",4.40%,17.43%,637
,"GARLAND, AR",4.63%,15.94%,4079
,"EL PASO, CO",10.70%,20.60%,62083
,"JUNEAU, AK",6.15%,12.85%,179
,"POPE, AR",4.80%,17.77%,2560
,"SEARCY, AR",4.23%,17.92%,307
,"SAN MATEO, CA",10.01%,20.03%,29423
,"ELBERT, CO",9.93%,17.87%,1108
,"BOULDER, CO",8.46%,13.42%,41659
,"BOONE, AR",7.46%,22.71%,295
,"POLK, AR",5.68%,21.92%,511
,"JEFFERSON, CO",8.33%,16.99%,30543
,"NEW CASTLE, DE",10.34%,21.00%,18158
,"ANCHORAGE, AK",7.36%,15.96%,639
,"SEVIER, AR",7.61%,30.46%,197
,"CHAFFEE, CO",5.41%,12.90%,814
,"MONTROSE, CO",3.47%,12.07%,1384
,"HOONAH ANGOON, AK",-,-,19
,"MONTGOMERY, AR",6.48%,17.13%,216
,"MADERA, CA",7.04%,23.70%,9511
,"DREW, AR",3.69%,19.89%,1272
,"DELTA, CO",4.19%,12.33%,1646
,"NAPA, CA",7.50%,17.99%,1173
,"WASHINGTON, AR",11.49%,19.66%,2507
,"SAGUACHE, CO",-,7.53%,146
,"SACRAMENTO, CA",5.73%,21.71%,33143
,"TUOLUMNE, CA",3.50%,12.05%,1087
,"NOME, AK",-,-,10 or fewer
,"DOUGLAS, CO",7.93%,14.87%,19722
,"CLAY, AL",-,20.29%,69
,"HINSDALE, CO",-,-,26
,"MERCED, CA",6.51%,21.45%,4284
,"COOSA, AL",-,-,16
,"KETCHIKAN GATEWAY, AK",-,17.81%,73
,"VALDEZ CORDOVA, AK",-,-,30
,"NEWTON, AR",-,15.24%,105
,"SITKA, AK",-,-,41
,"MARIPOSA, CA",3.83%,14.02%,1070
,"ORANGE, CA",4.50%,17.41%,110866
,"SAN JOAQUIN, CA",4.45%,34.33%,27685
,"CLEBURNE, AL",-,28.49%,358
,"ROUTT, CO",6.41%,9.94%,3543
,"GUNNISON, CO",3.36%,7.16%,447
,"SAN LUIS OBISPO, CA",3.11%,9.41%,3346
,"DENALI, AK",-,-,16
,"CARROLL, AR",-,17.80%,191
,"GRAND, CO",3.73%,8.71%,723
,"KINGS, CA",5.38%,22.18%,2529
,"GARFIELD, CO",3.50%,10.09%,1199
,"MARSHALL, AL",6.67%,31.11%,225
,"HAINES, AK",-,-,26
,"YUBA, CA",3.80%,17.34%,421
,"TULARE, CA",4.85%,17.78%,6203
,"LAKE, CO",-,17.71%,96
,"CLEAR CREEK, CO",-,11.86%,236
,"MADISON, AR",-,20.41%,98
,"ARCHULETA, CO",-,11.23%,276
,"TEHAMA, CA",-,11.52%,191
,"NEVADA, CA",3.11%,7.90%,1670
,"CALHOUN, AL",3.73%,28.77%,723
,"LA PLATA, CO",3.09%,10.41%,711
,"COCONINO, AZ",4.56%,12.54%,965
,"YOLO, CA",4.82%,15.67%,2968
,"EAGLE, CO",2.92%,8.30%,1096
,"DOLORES, CO",-,-,33
,"SUTTER, CA",2.49%,13.31%,481
,"STANISLAUS, CA",3.16%,19.94%,8394
,"BENTON, AR",6.74%,16.23%,1885
,"AMADOR, CA",1.94%,14.39%,1188
,"TALLADEGA, AL",-,31.03%,145
,"SUMMIT, CO",2.48%,7.10%,606
,"CALAVERAS, CA",1.85%,15.09%,1730
,"LOS ANGELES, CA",3.16%,23.19%,87029
,"PRINCE OF WALES HYDER, AK",-,-,22
,"BUTTE, CA",3.89%,9.73%,1233
,"COLUSA, CA",-,16.00%,125
,"MACON, AL",-,26.18%,233
,"PITKIN, CO",2.76%,6.44%,1521
,"EL DORADO, CA",2.55%,11.60%,7532
,"PLACER, CA",2.23%,11.19%,9237
,"GLENN, CA",-,16.15%,130
,"ETOWAH, AL",3.33%,33.00%,812
,"BLOUNT, AL",-,35.00%,80
,"OURAY, CO",-,5.31%,207
,"SAN MIGUEL, CO",-,3.90%,282
,"VENTURA, CA",1.30%,8.43%,7013
,"ALEUTIANS EAST, AK",-,-,10 or fewer
,"BRISTOL BAY, AK",-,-,10 or fewer
,"LAKE AND PENINSULA, AK",-,-,10 or fewer
,"YAKUTAT, AK",-,-,10 or fewer
,"YUKON KOYUKUK, AK",-,-,10 or fewer
,None of the above,10.19%,21.38%,514462
,Total,11.12%,22.93%,3071850
"Total: Total includes all data, including data from rows not currently displayed.","KUSILVAK, AK",-,-,10 or fewer
,"DILLINGHAM, AK",-,-,16
,"GREENE, AL",16.35%,22.97%,740
,"WALKER, AL",15.56%,20.75%,617
,"ALEUTIANS WEST, AK",-,-,46
,"CHOCTAW, AL",14.70%,21.75%,5890
,"SUMTER, AL",13.23%,21.61%,3499
,"JACKSON, AR",13.06%,21.14%,3491
,"WINSTON, AL",12.36%,18.97%,348
,"MARENGO, AL",12.02%,22.87%,1115
,"MARION, AL",11.96%,15.44%,6488
,"KENT, DE",11.95%,16.52%,110676
,"APACHE, AZ",11.81%,26.16%,948
,"MOBILE, AL",11.37%,19.41%,103588
,"HALE, AL",11.36%,16.84%,968
,"WASHINGTON, AL",11.30%,22.46%,3566
,"DEL NORTE, CA",11.23%,13.90%,7517
,"FAYETTE, AL",11.05%,17.00%,353
,"CLARKE, AL",10.91%,24.86%,3592
,"MONROE, AR",10.91%,18.91%,3860
,"LOGAN, CO",10.90%,16.59%,4136
,"POINSETT, AR",10.57%,15.34%,11174
,"TUSCALOOSA, AL",10.33%,13.50%,10499
,"OUACHITA, AR",10.21%,15.14%,10296
,"COFFEE, AL",10.02%,16.25%,16747
,"MISSISSIPPI, AR",9.88%,17.47%,9529
,"MODOC, CA",9.86%,16.90%,568
,"SUSSEX, DE",9.80%,14.93%,124682
,"ARKANSAS, AR",9.78%,14.63%,11463
,"PHILLIPS, AR",9.78%,19.78%,3089
,"MILLER, AR",9.73%,15.54%,5695
,"SAINT FRANCIS, AR",9.72%,19.52%,3734
,"SCOTT, AR",9.70%,16.77%,2535
,"LOGAN, AR",9.70%,16.51%,4773
,"PICKENS, AL",9.70%,17.84%,3805
,"WILCOX, AL",9.66%,25.20%,611
,"SHARP, AR",9.64%,18.00%,3216
,"PRAIRIE, AR",9.57%,16.13%,4054
,"LAFAYETTE, AR",9.56%,18.65%,638
,"SKAGWAY, AK",-,-,21
,"GRAHAM, AZ",9.18%,15.58%,1078
,"JEFFERSON, AR",9.15%,16.26%,22596
,"COLUMBIA, AR",9.07%,15.82%,3661
,"SEBASTIAN, AR",9.01%,14.73%,49594
,"JOHNSON, AR",8.94%,14.70%,5102
,"BIBB, AL",8.88%,11.83%,169
,"LA PAZ, AZ",8.85%,17.25%,655
,"FRANKLIN, AL",8.79%,13.58%,1149
,"LAWRENCE, AR",8.76%,16.26%,4052
,"DALLAS, AR",8.74%,16.25%,2117
,"COCHISE, AZ",8.67%,14.59%,8042
,"PERRY, AL",-,17.31%,104
,"CRAIGHEAD, AR",8.64%,12.35%,52491
,"BUTLER, AL",8.62%,22.99%,348
,"LAMAR, AL",8.62%,16.71%,3842
,"NEVADA, AR",8.52%,14.38%,3109
,"MONROE, AL",8.49%,19.82%,3310
,"CLARK, AR",8.48%,14.76%,11941
,"INDEPENDENCE, AR",8.47%,15.08%,6202
,"CALHOUN, AR",8.44%,17.84%,1138
,"PIMA, AZ",8.41%,11.86%,279263
,"SANTA BARBARA, CA",8.40%,12.78%,30546
,"CHAMBERS, AL",8.36%,19.42%,4042
,"KODIAK ISLAND, AK",8.28%,10.83%,4505
,"CLAY, AR",8.24%,15.36%,3118
,"COLBERT, AL",8.19%,16.39%,537
,"NAVAJO, AZ",8.16%,15.04%,1875
,"LAUDERDALE, AL",8.13%,12.75%,455
,"CONECUH, AL",8.10%,22.05%,1642
,"CRAWFORD, AR",8.09%,14.02%,29192
,"SAN FRANCISCO, CA",8.05%,11.13%,214476
,"FULTON, AR",8.04%,16.08%,933
,"SIERRA, CA",7.99%,11.68%,488
,"CRITTENDEN, AR",7.95%,13.49%,19877
,"PERRY, AR",7.95%,15.25%,4216
,"ALPINE, CA",7.84%,14.38%,153
,"LEE, AR",7.83%,19.82%,1302
,"IMPERIAL, CA",7.83%,19.98%,12395
,"RANDOLPH, AL",7.79%,19.78%,2593
,"GREENE, AR",7.76%,13.67%,15035
,"JACKSON, AL",7.72%,18.75%,2746
,"WASHINGTON, CO",7.67%,13.24%,808
,"GENEVA, AL",7.61%,17.16%,7546
,"COVINGTON, AL",7.53%,18.88%,2045
,"SANTA CRUZ, AZ",7.50%,12.10%,3255
,"FRANKLIN, AR",7.47%,14.24%,4241
,"PIKE, AL",7.47%,21.01%,1499
,"MONTEREY, CA",7.47%,10.65%,153398
,"CLEBURNE, AR",7.46%,14.13%,14991
,"JACKSON, CO",7.43%,12.08%,538
,"LASSEN, CA",7.36%,13.01%,4074
,"GREENLEE, AZ",7.36%,17.06%,299
,"LAWRENCE, AL",-,13.64%,110
,"SEDGWICK, CO",7.26%,14.52%,551
,"HOUSTON, AL",7.22%,17.96%,36743
,"DALE, AL",7.15%,17.65%,11260
,"GILA, AZ",7.09%,14.17%,2470
,"BALDWIN, AL",7.05%,15.49%,88805
,"SOUTHEAST FAIRBANKS, AK",-,-,57
,"ALAMEDA, CA",7.00%,11.34%,416219
,"DALLAS, AL",6.98%,11.63%,172
,"LOWNDES, AL",-,-,43
,"PLUMAS, CA",6.96%,11.78%,2385
,"CROSS, AR",6.95%,13.57%,4961
,"IZARD, AR",6.94%,14.37%,1225
,"CROWLEY, CO",6.89%,16.44%,973
,"ESCAMBIA, AL",6.85%,16.70%,5533
,"MIDDLESEX, CT",6.81%,11.45%,96469
,"MORGAN, AL",6.71%,12.58%,477
,"MOHAVE, AZ",6.69%,13.69%,3587
,"HUMBOLDT, CA",6.69%,8.57%,61940
,"AUTAUGA, AL",6.65%,13.87%,346
,"BARBOUR, AL",6.64%,21.39%,3824
,"CONTRA COSTA, CA",6.60%,9.37%,324998
,"PHILLIPS, CO",6.60%,13.08%,803
,"MARICOPA, AZ",6.60%,10.67%,735575
,"LONOKE, AR",6.59%,13.14%,35512
,"TRINITY, CA",6.55%,8.39%,763
,"WHITE, AR",6.51%,13.04%,16341
,"COSTILLA, CO",6.50%,13.90%,446
,"MADISON, AL",6.47%,11.89%,2472
,"YUMA, AZ",6.45%,14.43%,3022
,"SAN JUAN, CO",-,-,31
,"LITTLE RIVER, AR",6.42%,14.88%,1324
,"SAN BERNARDINO, CA",6.40%,12.30%,297712
,"MOFFAT, CO",6.38%,9.00%,8246
,"HOT SPRING, AR",6.37%,14.46%,12985
,"SALINE, AR",6.37%,12.21%,49994
,"HEMPSTEAD, AR",6.34%,14.07%,2601
,"KERN, CA",6.25%,11.42%,140306
,"SOLANO, CA",6.24%,12.02%,47516
,"HENRY, AL",6.23%,19.48%,5313
,"CRENSHAW, AL",6.22%,15.33%,450
,"INYO, CA",6.19%,13.06%,1179
,"MESA, CO",6.18%,10.79%,48478
,"PULASKI, AR",6.17%,12.17%,203841
,"OTERO, CO",6.16%,15.19%,4122
,"MONTGOMERY, AL",6.16%,13.27%,1364
,"VAN BUREN, AR",6.16%,15.69%,4774
,"TALLAPOOSA, AL",6.09%,15.07%,345
,"NORTH SLOPE, AK",-,-,33
,"RANDOLPH, AR",6.05%,15.86%,3171
,"BACA, CO",6.05%,14.45%,595
,"MORGAN, CO",6.03%,12.46%,5667
,"ELMORE, AL",5.95%,11.70%,487
,"PUEBLO, CO",5.93%,14.48%,62708
,"NEW LONDON, CT",5.93%,11.53%,121190
,"LINCOLN, CO",5.93%,11.11%,675
,"PROWERS, CO",5.92%,15.74%,2313
,"WOODRUFF, AR",5.88%,14.12%,1105
,"WELD, CO",5.87%,9.11%,180055
,"HUERFANO, CO",5.87%,14.29%,1841
,"RIO GRANDE, CO",5.79%,11.51%,1329
,"DESHA, AR",5.66%,15.14%,1836
,"BENT, CO",5.61%,15.25%,944
,"RIO BLANCO, CO",5.61%,8.98%,713
,"LIMESTONE, AL",5.56%,11.92%,629
,"NEW HAVEN, CT",5.56%,11.78%,175971
,"WINDHAM, CT",5.55%,12.41%,59322
,"FRESNO, CA",5.53%,13.59%,432574
,"CHEROKEE, AL",5.52%,19.10%,3005
,"SAN DIEGO, CA",5.50%,9.98%,900717
,"PIKE, AR",5.49%,12.04%,1603
,"FAIRFIELD, CT",5.47%,11.06%,180872
,"TELLER, CO",5.47%,10.24%,13655
,"SISKIYOU, CA",5.43%,9.58%,1179
,"CLEVELAND, AR",5.41%,14.40%,1924
,"MATANUSKA SUSITNA, AK",5.38%,10.01%,669
,"LAS ANIMAS, CO",5.36%,13.92%,3024
,"LINCOLN, AR",5.35%,14.81%,1924
,"FREMONT, CO",5.34%,11.83%,8028
,"GRANT, AR",5.33%,13.52%,6694
,"MINERAL, CO",-,-,94
,"SANTA CRUZ, CA",5.32%,8.53%,42259
,"PETERSBURG, AK",-,-,95
,"WRANGELL, AK",-,-,38
,"SAN BENITO, CA",5.20%,10.55%,9355
,"MARION, AR",5.17%,10.77%,715
,"KIOWA, CO",5.17%,11.85%,329
,"DENVER, CO",5.11%,7.64%,330969
,"STONE, AR",5.11%,13.87%,1233
,"LARIMER, CO",5.07%,7.54%,219804
,"SHASTA, CA",5.07%,8.35%,6847
,"LAKE, CA",5.05%,9.28%,8166
,"CHILTON, AL",-,15.09%,159
,"RIVERSIDE, CA",4.89%,12.36%,498888
,"KENAI PENINSULA, AK",4.89%,8.94%,593
,"HOWARD, AR",4.86%,13.18%,1275
,"YELL, AR",4.86%,13.12%,2553
,"SONOMA, CA",4.85%,9.58%,84737
,"ADAMS, CO",4.84%,8.41%,167033
,"CHICOT, AR",4.80%,15.94%,1374
,"HARTFORD, CT",4.80%,10.63%,452038
,"SHELBY, AL",4.77%,9.79%,1216
,"PARK, CO",4.72%,9.02%,2773
,"CONEJOS, CO",4.72%,12.21%,614
,"LITCHFIELD, CT",4.71%,10.93%,67948
,"SANTA CLARA, CA",4.66%,9.48%,397912
,"MENDOCINO, CA",4.64%,8.56%,23799
,"MONTEZUMA, CO",4.63%,10.48%,1059
,"JEFFERSON, AL",4.62%,10.39%,3936
,"ASHLEY, AR",4.60%,14.19%,3066
,"FAULKNER, AR",4.58%,11.33%,39996
,"BETHEL, AK",-,-,44
,"FAIRBANKS NORTH STAR, AK",4.52%,8.49%,730
,"ARAPAHOE, CO",4.45%,8.15%,219426
,"UNION, AR",4.41%,13.03%,6078
,"YUMA, CO",4.41%,10.29%,1497
,"RUSSELL, AL",4.41%,14.37%,1225
,"ALAMOSA, CO",4.41%,10.94%,1362
,"NORTHWEST ARCTIC, AK",-,-,23
,"CONWAY, AR",4.34%,12.95%,5066
,"BRADLEY, AR",4.28%,13.82%,1961
,"BROOMFIELD, CO",4.27%,6.92%,28912
,"PINAL, AZ",4.21%,7.56%,35353
,"CHEYENNE, CO",4.20%,8.78%,262
,"YAVAPAI, AZ",4.17%,9.12%,13228
,"SAINT CLAIR, AL",4.16%,17.92%,770
,"MARIN, CA",4.15%,6.57%,48172
,"MONO, CA",4.12%,10.00%,680
,"KIT CARSON, CO",4.11%,8.61%,778
,"LEE, AL",4.10%,11.26%,2832
,"TOLLAND, CT",4.06%,9.59%,63555
,"BULLOCK, AL",-,14.86%,148
,"GILPIN, CO",4.03%,6.70%,1389
,"CULLMAN, AL",3.96%,17.56%,632
,"CUSTER, CO",3.95%,8.85%,1164
,"BAXTER, AR",3.94%,11.12%,2158
,"GARLAND, AR",3.91%,10.50%,11958
,"EL PASO, CO",3.90%,7.64%,354271
,"JUNEAU, AK",3.85%,7.93%,416
,"POPE, AR",3.82%,11.68%,8971
,"SEARCY, AR",3.82%,12.02%,865
,"SAN MATEO, CA",3.81%,7.62%,154999
,"ELBERT, CO",3.75%,6.58%,6368
,"BOULDER, CO",3.73%,5.88%,169191
,"BOONE, AR",3.73%,8.77%,1688
,"POLK, AR",3.70%,11.89%,1783
,"JEFFERSON, CO",3.65%,6.81%,156260
,"NEW CASTLE, DE",3.51%,6.21%,141191
,"ANCHORAGE, AK",3.50%,8.51%,1974
,"SEVIER, AR",3.49%,11.45%,1205
,"CHAFFEE, CO",3.44%,7.63%,2295
,"MONTROSE, CO",3.43%,9.48%,3556
,"HOONAH ANGOON, AK",-,-,30
,"MONTGOMERY, AR",3.30%,9.78%,757
,"MADERA, CA",3.29%,10.18%,47357
,"DREW, AR",3.24%,12.92%,3770
,"DELTA, CO",3.21%,8.90%,3774
,"NAPA, CA",3.13%,8.67%,6495
,"WASHINGTON, AR",3.11%,4.67%,30332
,"SAGUACHE, CO",3.06%,7.24%,359
,"SACRAMENTO, CA",3.04%,9.64%,193677
,"TUOLUMNE, CA",3.00%,8.37%,2771
,"NOME, AK",-,-,34
,"DOUGLAS, CO",2.93%,5.14%,123154
,"CLAY, AL",2.91%,17.72%,378
,"HINSDALE, CO",-,-,69
,"MERCED, CA",2.84%,8.22%,29848
,"COOSA, AL",-,19.44%,72
,"KETCHIKAN GATEWAY, AK",-,11.11%,180
,"VALDEZ CORDOVA, AK",-,-,72
,"NEWTON, AR",2.70%,7.11%,408
,"SITKA, AK",-,-,114
,"MARIPOSA, CA",2.61%,9.23%,2373
,"ORANGE, CA",2.61%,9.35%,462654
,"SAN JOAQUIN, CA",2.59%,17.65%,97521
,"CLEBURNE, AL",2.57%,22.00%,1518
,"ROUTT, CO",2.55%,4.07%,16331
,"GUNNISON, CO",2.52%,5.55%,1550
,"SAN LUIS OBISPO, CA",2.51%,6.74%,8617
,"DENALI, AK",-,-,40
,"CARROLL, AR",2.49%,6.15%,1365
,"GRAND, CO",2.47%,4.65%,2837
,"KINGS, CA",2.43%,9.22%,16324
,"GARFIELD, CO",2.40%,6.10%,4800
,"MARSHALL, AL",2.38%,24.06%,1384
,"HAINES, AK",-,-,42
,"YUBA, CA",2.37%,9.49%,2867
,"TULARE, CA",2.32%,7.72%,42112
,"LAKE, CO",2.32%,6.76%,518
,"CLEAR CREEK, CO",2.30%,5.76%,955
,"MADISON, AR",2.24%,4.24%,1650
,"ARCHULETA, CO",2.17%,7.32%,738
,"TEHAMA, CA",2.16%,4.70%,1297
,"NEVADA, CA",2.07%,4.93%,4725
,"CALHOUN, AL",2.01%,19.32%,4131
,"LA PLATA, CO",2.00%,5.85%,2545
,"COCONINO, AZ",1.94%,4.83%,4947
,"YOLO, CA",1.93%,5.90%,17439
,"EAGLE, CO",1.92%,4.68%,4015
,"DOLORES, CO",-,10.48%,105
,"SUTTER, CA",1.89%,7.40%,2488
,"STANISLAUS, CA",1.87%,11.42%,34364
,"BENTON, AR",1.81%,3.53%,25363
,"AMADOR, CA",1.80%,9.54%,2672
,"TALLADEGA, AL",1.74%,24.24%,1320
,"SUMMIT, CO",1.73%,4.14%,2489
,"CALAVERAS, CA",1.72%,11.43%,3431
,"LOS ANGELES, CA",1.64%,10.98%,472550
,"PRINCE OF WALES HYDER, AK",-,-,62
,"BUTTE, CA",1.55%,3.54%,7817
,"COLUSA, CA",-,7.20%,597
,"MACON, AL",1.50%,18.90%,799
,"PITKIN, CO",1.46%,3.13%,4991
,"EL DORADO, CA",1.33%,6.21%,24221
,"PLACER, CA",1.27%,6.31%,30222
,"GLENN, CA",-,4.01%,848
,"ETOWAH, AL",1.07%,16.12%,6699
,"BLOUNT, AL",-,22.48%,743
,"OURAY, CO",-,4.52%,442
,"SAN MIGUEL, CO",-,2.21%,951
,"VENTURA, CA",0.82%,4.41%,22967
,"ALEUTIANS EAST, AK",-,-,15
,"BRISTOL BAY, AK",-,-,10 or fewer
,"LAKE AND PENINSULA, AK",-,-,10 or fewer
,"YAKUTAT, AK",-,-,10 or fewer
,"YUKON KOYUKUK, AK",-,-,22
,None of the above,4.93%,10.23%,2085894
,Total,5.34%,10.57%,14062838
